ID	PDB ID	Mutant	DDGexp (kcal/mol)	number of mutations	DDG ZEMu (kcal/mol)	SKEMPI IDs	Notes	Publication	LocationInPublication
1	3BN9	QB38A	-0.42	1	0.14	1003	.	.	.
2	3BN9	IB41A	0	1	0.15	1004	.	.	.
3	3BN9	IB60A	0.84	1	-0.15	1005	.	.	.
4	3BN9	DB60aA	0.42	1	-0.86	1006	.	.	.
5	3BN9	DB60bA	0.31	1	0.53	1007	.	.	.
6	3BN9	RB60cA	-0.04	1	-0.16	1008	.	.	.
7	3BN9	FB60eA	-0.04	1	-0.92	1009	.	.	.
8	3BN9	RB60fA	-0.07	1	0.64	1010	.	.	.
9	3BN9	YB60gA	0.02	1	1.01	1011	.	.	.
10	3BN9	RB87A	-0.16	1	0	1012	.	.	.
11	3BN9	FB94A	0.64	1	0.09	1013	.	.	.
12	3BN9	NB95A	0.77	1	1.26	1014	.	.	.
13	3BN9	TB98A	1.13	1	0.48	1015	.	.	.
14	3BN9	HB143A	0.09	1	0.22	1016	.	.	.
15	3BN9	QB145A	0.13	1	-0.79	1017	.	.	.
16	3BN9	YB146A	1.08	1	1.3	1018	.	.	.
17	3BN9	TB150A	0.29	1	-0.65	1019	.	.	.
18	3BN9	LB153A	0.34	1	-0.01	1020	.	.	.
19	3BN9	EB169A	0.37	1	0	1021	.	.	.
20	3BN9	QB174A	-0.03	1	-0.07	1022	.	.	.
21	3BN9	QB175A	2.51	1	-1.16	1023	.	.	.
22	3BN9	DB217A	0.57	1	-0.74	1024	.	.	.
23	3BN9	QB221aA	0.71	1	0.31	1025	.	.	.
24	3BN9	RB222A	-0.09	1	0.02	1026	.	.	.
25	3BN9	KB224A	0.78	1	0.52	1027	.	.	.
26	1EAW	QA38A	-0.52	1	0	976	.	.	.
27	1EAW	IA41A	-0.82	1	0	977	.	.	.
28	1EAW	IA60A	-0.19	1	0	978	.	.	.
29	1EAW	DA60aA	-0.17	1	0	979	.	.	.
30	1EAW	DA60bA	1.5	1	0	980	.	.	.
31	1EAW	RA60cA	0.59	1	0	981	.	.	.
32	1EAW	FA60eA	-0.43	1	0	982	.	.	.
33	1EAW	RA60fA	0.23	1	0	983	.	.	.
34	1EAW	YA60gA	-0.08	1	0	984	.	.	.
35	1EAW	RA87A	-0.15	1	0	985	.	.	.
36	1EAW	FA94A	0.73	1	0	986	.	.	.
37	1EAW	NA95A	0.31	1	0	987	.	.	.
38	1EAW	DA96A	0.65	1	0	988	.	.	.
39	1EAW	FA97A	0.89	1	0	989	.	.	.
40	1EAW	TA98A	0.25	1	0	990	.	.	.
41	1EAW	HA143A	-0.01	1	0	991	.	.	.
42	1EAW	QA145A	0.31	1	0	992	.	.	.
43	1EAW	YA146A	0.5	1	0	993	.	.	.
44	1EAW	TA150A	0.09	1	0	994	.	.	.
45	1EAW	LA153A	0.5	1	0	995	.	.	.
46	1EAW	EA169A	0.7	1	0	996	.	.	.
47	1EAW	QA174A	0.56	1	0	997	.	.	.
48	1EAW	QA175A	-0.13	1	0	998	.	.	.
49	1EAW	DA217A	2.23	1	0	999	.	.	.
50	1EAW	QA221aA	0.14	1	0	1000	.	.	.
51	1EAW	RA222A	-0.09	1	0	1001	.	.	.
52	1EAW	KA224A	0.48	1	0	1002	.	.	.
53	3BK3	LC1A	0	1	0.62	735	.	.	.
54	3BK3	LC1R	0.03	1	1.09	736	.	.	.
55	3BK3	IC2A	1.02	1	1.57	737	.	.	.
56	3BK3	IC2R	0.64	1	5.41	738	.	.	.
57	3BK3	TC3P	0.48	1	0.61	739	.	.	.
58	3BK3	TC5P	1.72	1	0.16	740	.	.	.
59	3BK3	IC18A	0.48	1	0.21	741	.	.	.
60	3BK3	IC18R	0.42	1	-0.08	742	.	.	.
61	3BK3	IC21A	1.29	1	2.4	743	.	.	.
62	3BK3	IC21R	2.09	1	6.6	744	.	.	.
63	3BK3	IC27A	1.24	1	0.95	745	.	.	.
64	3BK3	IC27R	1.16	1	0.19	746	.	.	.
65	3BK3	AC36R	1.36	1	-1.08	747	.	.	.
66	2QJB	HC42G, EC46D, TC61A, MC62I	-0.87	4	-1.75	732	.	.	.
67	2QJB	TC74A, LC78M, GC79K, LC80Y, HC42G, EC46D, TC61A, MC62I	-0.42	8	1.19	733	.	.	.
68	2QJB	RC88K, TC90S, IC92K, PC93A, HC94Q, QC95L, SC98T, TC74A, LC78M, GC79K, LC80Y, HC42G, EC46D, TC61A, MC62I	-1.14	15	-2.91	734	.	.	.
69	2QJA	TC74A, LC78M, GC79K, LC80Y	0.46	4	2.54	727	.	.	.
70	2QJA	RC88K, TC90S, IC92K, PC93A, HC94Q, QC95L, SC98T, TC74A, LC78M, GC79K, LC80Y	-0.26	11	2.5	728	.	.	.
71	2QJA	GC42H, DC46E, AC61T, IC62M	0.87	4	-2.01	731	.	.	.
72	1KTZ	VA92I	0.24	1	-0.78	673	.	.	.
73	1KTZ	RA25K	1.15	1	0.25	674	.	.	.
74	1KTZ	RA94K	2.2	1	0.78	675	.	.	.
75	1KTZ	RA25A	1.48	1	0.03	676	.	.	.
76	1KTZ	RA94A	2.88	1	1.69	677	.	.	.
77	1KTZ	LB27A	2.27	1	0.68	678	.	.	.
78	1KTZ	FB30A	3.43	1	1.53	679	.	.	.
79	1KTZ	DB32A	1.97	1	0.79	680	.	.	.
80	1KTZ	DB32N	2.45	1	0.4	681	.	.	.
81	1KTZ	SB49A	0.77	1	-0.2	682	.	.	.
82	1KTZ	IB50A	2.34	1	1.04	683	.	.	.
83	1KTZ	TB51A	1.96	1	1.13	684	.	.	.
84	1KTZ	SB52A	0.66	1	0.43	685	.	.	.
85	1KTZ	SB52L	4.48	1	5.98	686	.	.	.
86	1KTZ	IB53A	1.82	1	2.37	687	.	.	.
87	1KTZ	EB55A	1.66	1	0.17	688	.	.	.
88	1KTZ	VB77A	0.86	1	0.22	689	.	.	.
89	1KTZ	DB118A	1.26	1	0.11	690	.	.	.
90	1KTZ	EB119A	1.94	1	1.33	691	.	.	.
91	1KTZ	EB119Q	2.07	1	1.76	692	.	.	.
92	1KTZ	NB47A	0.73	1	0.01	693	.	.	.
93	1KTZ	VB62A	1.09	1	-0.01	694	.	.	.
94	1KTZ	EB75A	1.53	1	0.16	695	.	.	.
95	1KTZ	HB79A	0.74	1	0.05	696	.	.	.
96	1KTZ	FB110A	1.38	1	0	697	.	.	.
97	1KTZ	MB112A	1.32	1	0	698	.	.	.
98	1KTZ	IB125A	0.99	1	0	699	.	.	.
99	2QJ9	RC88K, TC90S, IC92K, PC93A, HC94Q, QC95L, SC98T	-0.73	7	2.32	724	.	.	.
100	2QJ9	AC74T, MC78L, KC79G, YC80L	-0.46	4	-0.55	726	.	.	.
101	2QJ9	AC74T, MC78L, KC79G, YC80L, GC42H, DC46E, AC61T, IC62M	0.42	8	-3.44	730	.	.	.
102	1REW	DA30A, DB30A	0.67	2	0.2	700	.	.	.
103	1REW	WA31A, WB31A	1.09	2	1.92	701	.	.	.
104	1REW	DA30A, WA31A, DB30A, WB31A	2.06	4	1.92	702	.	.	.
105	1REW	FA49A, FB49A	1.36	2	3.17	703	.	.	.
106	1REW	PA50A, PB50A	1.29	2	4.33	704	.	.	.
107	1REW	FA49A, PA50A, FB49A, PB50A	2.88	4	7.84	705	.	.	.
108	1REW	HA39D, HB39D	0.2	2	0.07	706	.	.	.
109	1REW	SA88A, SB88A	0.2	2	-0.02	707	.	.	.
110	1REW	LA100A, LB100A	0.23	2	-0.02	708	.	.	.
111	1REW	HA39D, SA88A, HB39D, SB88A	0.18	4	0.14	709	.	.	.
112	1REW	HA39D, LA100A, HB39D, LB100A	0.12	4	-0.25	710	.	.	.
113	1REW	AA34D, AB34D	0	2	0.09	711	.	.	.
114	1REW	DA53A, DB53A	-0.05	2	-0.98	712	.	.	.
115	1REW	EA109R, EB109R	0.27	2	-0.06	713	.	.	.
116	1REW	DA30A, AA34D, DB30A, AB34D	0.48	4	-0.02	714	.	.	.
117	1REW	AA34D, DA53A, AB34D, DB53A	-0.18	4	-0.54	715	.	.	.
118	1REW	DA53A, EA109R, DB53A, EB109R	0.04	4	-0.26	716	.	.	.
119	1REW	WA28F, WB28F	0.67	2	1.63	717	.	.	.
120	1REW	DA53P, DB53P	2.35	2	1.98	719	.	.	.
121	1REW	SA69R, SB69R	1.67	2	2.65	720	.	.	.
122	1REW	YA103A, YB103A	1.21	2	2.1	721	.	.	.
123	1REW	QC86A	2.66	1	1.17	722	.	.	.
124	1REW	KC88R, SC90T, KC92I, AC93P, QC94H, LC95Q, TC98D	0.73	7	0.91	723	.	.	.
125	1REW	KC88R, SC90T, KC92I, AC93P, QC94H, LC95Q, TC98D, AC74T, MC78L, KC79G, YC80L	0.27	11	5.45	725	.	.	.
126	1VFB	HA30A	0.84	1	-1.1	319	.	.	.
127	1VFB	YA32A	1.72	1	2.66	1672	.	.	.
128	1VFB	YA49A	0.8	1	0.42	321	.	.	.
129	1VFB	YA50A	0.52	1	1.91	1673	.	.	.
130	1VFB	WA92A	2.73	1	0.55	323	.	.	.
131	1VFB	SA93A	0.34	1	-1.45	324	.	.	.
132	1VFB	TB30A	-0.06	1	-1.1	325	.	.	.
133	1VFB	YB32A	0.46	1	-0.49	326	.	.	.
134	1VFB	WB52A	0.92	1	1.18	1676	.	.	.
135	1VFB	DB54A	0.64	1	-0.22	328	.	.	.
136	1VFB	NB56A	0.18	1	-0.04	329	.	.	.
137	1VFB	DB58A	-0.21	1	-0.24	330	.	.	.
138	1VFB	EB98A	1.16	1	-0.71	331	.	.	.
139	1VFB	RB99A	-0.1	1	-1.13	332	.	.	.
140	1VFB	DB100A	3.07	1	1.62	333	.	.	.
141	1VFB	YB101F	0.95	1	2.68	334	.	.	.
142	1VFB	DC18A	0.34	1	1.16	1660	.	.	.
143	1VFB	NC19A	0.4	1	-0.23	1661	.	.	.
144	1VFB	YC23A	0.41	1	0.59	1662	.	.	.
145	1VFB	SC24A	0.85	1	0.47	1663	.	.	.
146	1VFB	KC116A	0.71	1	0.11	1664	.	.	.
147	1VFB	TC118A	0.77	1	3.19	1665	.	.	.
148	1VFB	DC119A	0.95	1	1.15	1666	.	.	.
149	1VFB	VC120A	0.92	1	0.68	1667	.	.	.
150	1VFB	QC121A	2.88	1	5.41	1668	.	.	.
151	1VFB	IC124A	1.23	1	0.08	1669	.	.	.
152	1VFB	RC125A	1.84	1	2.92	1670	.	.	.
153	1VFB	LC129A	0.17	1	-0.39	1671	.	.	.
154	1VFB	YA32A, QC121A	1.59	2	5.22	1680	.	.	.
155	1VFB	YA32A, IC124A	2.91	2	2.32	1681	.	.	.
156	1VFB	YA50A, DC18A	1.27	2	2.13	1682	.	.	.
157	1VFB	YA50A, DC119A	1.23	2	1.3	1683	.	.	.
158	1VFB	WA92A, QC121A	3.52	2	4.67	1684	.	.	.
159	1VFB	WA92A, IC124A	3.85	2	1.25	1685	.	.	.
160	1VFB	WA92A, RC125A	3.39	2	3.17	1686	.	.	.
161	1VFB	WA92A, LC129A	3.31	2	0.77	1687	.	.	.
162	1VFB	YB32A, KC116A	1.59	2	-1.23	1688	.	.	.
163	1VFB	WB52A, DC119A	2.25	2	1.71	1689	.	.	.
164	1VFB	DB54A, TC118A	1.25	2	1.25	1690	.	.	.
165	1VFB	DB100A, SC24A	3.37	2	2.98	1691	.	.	.
166	1VFB	YB101F, DC119A	2.74	2	2.73	1692	.	.	.
167	1VFB	YB101F, VC120A	2.54	2	2.65	1693	.	.	.
168	2JEL	FP2Y	0	1	0.19	499	.	.	.
169	2JEL	FP2W	2.62	1	-0.06	500	.	.	.
170	2JEL	QP3K	4.09	1	-0.14	501	.	.	.
171	2JEL	QP4K	1.36	1	-0.67	502	.	.	.
172	2JEL	EP5D	0.41	1	-1.8	503	.	.	.
173	2JEL	EP5Q	0.71	1	-1.83	504	.	.	.
174	2JEL	VP6F	0	1	0.03	505	.	.	.
175	2JEL	TP7N	0.41	1	0.01	506	.	.	.
176	2JEL	TP7S	0	1	0.01	507	.	.	.
177	2JEL	PP11E	0	1	0.02	508	.	.	.
178	2JEL	NP12D	0	1	0.02	509	.	.	.
179	2JEL	RP17G	0	1	0	510	.	.	.
180	2JEL	RP17K	0	1	0	511	.	.	.
181	2JEL	KP24E	0	1	-0.07	512	.	.	.
182	2JEL	KP27E	0	1	1.02	513	.	.	.
183	2JEL	TP34Q	0	1	-0.41	514	.	.	.
184	2JEL	TP36Q	0.41	1	-0.01	515	.	.	.
185	2JEL	NP38T	0	1	0.03	516	.	.	.
186	2JEL	SP41C	1.5	1	-0.16	517	.	.	.
187	2JEL	SP43C	0	1	-0.02	518	.	.	.
188	2JEL	SP46C	0	1	0	519	.	.	.
189	2JEL	QP57E	-0.41	1	0	520	.	.	.
190	2JEL	TP62N	0	1	0.01	521	.	.	.
191	2JEL	TP62A	0	1	0.17	522	.	.	.
192	2JEL	SP64T	4.09	1	-0.19	523	.	.	.
193	2JEL	EP66K	4.09	1	1.17	524	.	.	.
194	2JEL	EP68A	0.41	1	0.23	525	.	.	.
195	2JEL	DP69E	0.95	1	0.73	526	.	.	.
196	2JEL	EP70K	4.09	1	4.46	527	.	.	.
197	2JEL	EP70A	2.73	1	2.67	528	.	.	.
198	2JEL	QP71E	2.73	1	1.45	529	.	.	.
199	2JEL	KP72R	0	1	-0.5	530	.	.	.
200	2JEL	KP72E	0.41	1	-0.75	531	.	.	.
201	2JEL	EP75R	2.73	1	0.09	532	.	.	.
202	2JEL	HP76D	-0.65	1	-1.93	533	.	.	.
203	2JEL	HP76A	-0.41	1	-0.14	534	.	.	.
204	2JEL	KP79E	0.41	1	1.01	535	.	.	.
205	2JEL	AP82S	0	1	-0.02	536	.	.	.
206	2JEL	EP83A	0	1	-0.15	537	.	.	.
207	2JEL	EP85Q	0	1	0.02	538	.	.	.
208	2JEL	EP85D	0	1	0.08	539	.	.	.
209	2JEL	EP85A	0	1	0.02	540	.	.	.
210	2JEL	EP85K	0	1	-0.19	541	.	.	.
211	3NPS	QA38A	0.03	1	0.14	1028	.	.	.
212	3NPS	IA41A	0.64	1	-0.02	1029	.	.	.
213	3NPS	IA60A	-0.33	1	2.05	1030	.	.	.
214	3NPS	DA60aA	0.34	1	-0.76	1031	.	.	.
215	3NPS	DA60bA	1.07	1	0.67	1032	.	.	.
216	3NPS	RA60cA	-1.06	1	2.29	1033	.	.	.
217	3NPS	FA60eA	0.22	1	0	1034	.	.	.
218	3NPS	RA60fA	0.14	1	0.22	1035	.	.	.
219	3NPS	YA60gA	0.45	1	0.51	1036	.	.	.
220	3NPS	RA87A	-0.15	1	-0.4	1037	.	.	.
221	3NPS	FA94A	1.59	1	0.89	1038	.	.	.
222	3NPS	NA95A	0.25	1	0.58	1039	.	.	.
223	3NPS	DA96A	1.51	1	-2.61	1040	.	.	.
224	3NPS	FA97A	0.46	1	2.9	1041	.	.	.
225	3NPS	TA98A	0.72	1	-0.59	1042	.	.	.
226	3NPS	HA143A	1.88	1	0.11	1043	.	.	.
227	3NPS	QA145A	0.3	1	0.16	1044	.	.	.
228	3NPS	YA146A	1.77	1	1.97	1045	.	.	.
229	3NPS	TA150A	0.17	1	0.65	1046	.	.	.
230	3NPS	LA153A	0.3	1	0	1047	.	.	.
231	3NPS	EA169A	0.62	1	0.01	1048	.	.	.
232	3NPS	QA174A	-0.06	1	0.67	1049	.	.	.
233	3NPS	QA175A	0.74	1	1.29	1050	.	.	.
234	3NPS	DA217A	1.47	1	0.03	1051	.	.	.
235	3NPS	QA221aA	-0.04	1	0.2	1052	.	.	.
236	3NPS	RA222A	-0.08	1	-0.04	1053	.	.	.
237	3NPS	KA224A	-0.1	1	-0.06	1054	.	.	.
238	1Z7X	YW434A	5.95	1	3.78	1190	.	.	.
239	1Z7X	DW435A	3.66	1	-1.54	1191	.	.	.
240	1Z7X	YW437A	2.62	1	3.77	1192	.	.	.
241	1Z7X	QW430A, VW432A	0.94	2	2.8	1193	.	.	.
242	1Z7X	WW438A, SW439A, EW440A	1.97	3	1.44	1194	.	.	.
243	1Z7X	RW457A	0.85	1	1.56	1195	.	.	.
244	1Z7X	IW459A	0.34	1	1.28	1196	.	.	.
245	1Z7X	EW206A	1.02	1	-0.06	1201	.	.	.
246	1Z7X	WW261A	1.34	1	2.16	1202	.	.	.
247	1Z7X	WW263A	2.21	1	0.38	1203	.	.	.
248	1Z7X	EW287A	1.32	1	0.6	1204	.	.	.
249	1Z7X	SW289A	0.81	1	0.03	1205	.	.	.
250	1Z7X	WW318A	0.99	1	0.21	1206	.	.	.
251	1Z7X	KW320A	1.32	1	0.06	1207	.	.	.
252	1Z7X	EW344A	1.56	1	0.82	1208	.	.	.
253	1Z7X	WW375A	1.67	1	0.4	1209	.	.	.
254	1Z7X	EW401A	1.31	1	1.76	1210	.	.	.
255	1Z7X	YW434F	0.12	1	0.05	1245	.	.	.
256	1Z7X	YW437F	2.17	1	1.93	1246	.	.	.
257	1Z7X	YW434A, DW435A	7.17	2	1.88	1247	.	.	.
258	1Z7X	YW434A, YW437A	7.24	2	5.78	1248	.	.	.
259	1A4Y	HB8A	0.9	1	0.83	1183	.	.	.
260	1A4Y	QB12A	0.3	1	1.06	1184	.	.	.
261	1A4Y	NB68A	0.12	1	-0.18	1185	.	.	.
262	1A4Y	EB108A	-0.32	1	0.83	1186	.	.	.
263	1A4Y	YA434A	3.26	1	1.97	1187	.	.	.
264	1A4Y	DA435A	3.48	1	3.09	1188	.	.	.
265	1A4Y	YA437A	0.84	1	0.44	1189	.	.	.
266	1A4Y	IA459A	0.68	1	0.54	1200	.	.	.
267	1A4Y	HB84A	0.17	1	1.08	1211	.	.	.
268	1A4Y	WB89A	0.24	1	1.58	1212	.	.	.
269	1A4Y	WA261A	0.1	1	0.17	1213	.	.	.
270	1A4Y	WA263A	1.17	1	4.9	1214	.	.	.
271	1A4Y	EA287A	0.1	1	-0.14	1215	.	.	.
272	1A4Y	SA289A	0.04	1	0.94	1216	.	.	.
273	1A4Y	WA318A	1.5	1	0.48	1217	.	.	.
274	1A4Y	KA320A	-0.31	1	1.03	1218	.	.	.
275	1A4Y	EA344A	0.18	1	0.97	1219	.	.	.
276	1A4Y	WA375A	1.03	1	2.21	1220	.	.	.
277	1A4Y	EA401A	0.88	1	0.04	1221	.	.	.
278	1A4Y	RB5A	2.31	1	4.53	1222	.	.	.
279	1A4Y	RB32A	0.91	1	2.16	1223	.	.	.
280	1A4Y	RB66A	0.2	1	0.17	1224	.	.	.
281	1A4Y	RB70A	-0.23	1	0.06	1225	.	.	.
282	1A4Y	RB31A	0.25	1	1.46	1226	.	.	.
283	1A4Y	RB33A	0.33	1	-2.17	1227	.	.	.
284	1A4Y	KB40Q	4.25	1	1.95	1228	.	.	.
285	1A4Y	HB13A	-0.29	1	-1.35	1229	.	.	.
286	1A4Y	HB114A	0.65	1	1.43	1230	.	.	.
287	1A4Y	YA434F	0.55	1	0.19	1231	.	.	.
288	1A4Y	YA437F	0.24	1	0.92	1232	.	.	.
289	1A4Y	QA430A, VA432A	0.07	2	-1.12	1197	.	.	.
290	1A4Y	WA438A, SA439A, EA440A	1.78	3	0.94	1198	.	.	.
291	1A4Y	RA457A	-0.22	1	-0.33	1199	.	.	.
292	1A4Y	YA434A, DA435A	6.7	2	5.79	1233	.	.	.
293	1A4Y	YA434A, YA437A	6.53	2	5.26	1234	.	.	.
294	1A4Y	RB5A, YA434A	6.98	2	6.78	1235	.	.	.
295	1A4Y	RB5A, DA435A	6.77	2	7.88	1236	.	.	.
296	1A4Y	RB5A, YA434A, DA435A	10.1	3	11.22	1237	.	.	.
297	1A4Y	RB5A, YA434A, YA437A	8.53	3	8.27	1238	.	.	.
298	1A4Y	KB40G	3.24	1	3.68	1239	.	.	.
299	1A4Y	KB40G, YA434F	6.66	2	2.29	1240	.	.	.
300	1A4Y	KB40G, DA435A	4.11	2	3.24	1241	.	.	.
301	1A4Y	KB40G, YA437A	6.45	2	3.63	1242	.	.	.
302	1A4Y	KB40G, YA434A, DA435A	6.21	3	4.97	1243	.	.	.
303	1A4Y	KB40G, YA434A, YA437A	9.12	3	5.21	1244	.	.	.
304	2WPT	NA34V, RA38T, RA42E	-3.23	3	-0.7	363	.	.	.
305	2WPT	FB86A	1.17	1	3.72	384	.	.	.
306	2WPT	DA33L	-3.4	1	0.61	356	.	.	.
307	2WPT	EA30A	1.73	1	1.73	365	.	.	.
308	2WPT	DA33A	-0.13	1	1.05	366	.	.	.
309	2WPT	EA41A	4.5	1	1.07	370	.	.	.
310	2WPT	RB54A	1.13	1	2.21	377	.	.	.
311	2WPT	KB97A	0.5	1	-0.47	387	.	.	.
312	2WPT	PA56A	2.93	1	0.61	373	.	.	.
313	2WPT	NA34V	-0.9	1	-1.12	357	.	.	.
314	2WPT	NA34A	-0.38	1	-0.73	367	.	.	.
315	2WPT	VA37A	3.81	1	1.19	368	.	.	.
316	2WPT	SA50A	2.42	1	0.25	372	.	.	.
317	2WPT	FB86A, DA33A	-0.13	2	3.64	374	.	.	.
318	2WPT	FB86A, NA34A	1.35	2	2.92	375	.	.	.
319	2WPT	FB86A, VA37A	3.11	2	5.05	376	.	.	.
320	2WPT	NB72A	0.92	1	0.47	378	.	.	.
321	2WPT	SB74A	-0.85	1	-1.2	379	.	.	.
322	2WPT	NB75A	1.24	1	0.34	380	.	.	.
323	2WPT	SB77A	-0.61	1	1.62	381	.	.	.
324	2WPT	SB78A	-0.15	1	-0.26	382	.	.	.
325	2WPT	SB84A	-0.09	1	0.29	383	.	.	.
326	2WPT	TB87A	0.53	1	-0.16	385	.	.	.
327	2WPT	QB92A	0.9	1	1.79	386	.	.	.
328	2WPT	VB98A	0.12	1	0.45	388	.	.	.
329	2WPT	RA38T	-1.04	1	0.66	358	.	.	.
330	2WPT	EA39H	0.04	1	-0.09	359	.	.	.
331	2WPT	RA42E	-0.37	1	0.39	360	.	.	.
332	2WPT	NA34V, RA38T	-2.59	2	-0.42	361	.	.	.
333	2WPT	DA33L, NA34V, RA38T	-6.33	3	-1.09	362	.	.	.
334	2WPT	NA34V, RA38T, EA39H, RA42E	-3	4	0.22	364	.	.	.
335	2WPT	RA42A	-0.24	1	-0.58	371	.	.	.
336	1EMV	RB54A	1.67	1	1.77	421	.	.	.
337	1EMV	NB72A	1.16	1	1.37	422	.	.	.
338	1EMV	SB74A	-0.24	1	-0.92	423	.	.	.
339	1EMV	NB75A	2.33	1	0.61	424	.	.	.
340	1EMV	SB77A	-0.23	1	-0.27	425	.	.	.
341	1EMV	SB78A	-0.54	1	-0.11	426	.	.	.
342	1EMV	SB84A	-0.11	1	0.25	427	.	.	.
343	1EMV	FB86A	3.88	1	4.19	428	.	.	.
344	1EMV	TB87A	0.16	1	-0.18	429	.	.	.
345	1EMV	QB92A	-0.28	1	0.55	430	.	.	.
346	1EMV	KB97A	1.96	1	1.98	431	.	.	.
347	1EMV	VB98A	1.09	1	-0.06	432	.	.	.
348	1EMV	FB86A, LA33A	6.68	2	4.38	433	.	.	.
349	1EMV	FB86A, VA34A	4.66	2	5.71	434	.	.	.
350	1EMV	FB86A, VA37A	4.07	2	4.53	435	.	.	.
351	1EMV	FB86A, YA54A	8.72	2	5.32	436	.	.	.
352	1EMV	FB86A, YA55A	8.26	2	7	437	.	.	.
353	1EMV	CA23A	0.92	1	0.48	438	.	.	.
354	1EMV	NA24A	0.14	1	-0.78	439	.	.	.
355	1EMV	DA26A	0.34	1	-0.13	440	.	.	.
356	1EMV	TA27A	0.73	1	1.27	441	.	.	.
357	1EMV	SA28A	0.17	1	0.16	442	.	.	.
358	1EMV	SA29A	0.96	1	-0.31	443	.	.	.
359	1EMV	EA30A	1.42	1	1.99	444	.	.	.
360	1EMV	EA31A	0.31	1	-0.21	445	.	.	.
361	1EMV	EA32A	0.22	1	0.01	446	.	.	.
362	1EMV	LA33A	3.42	1	1.1	447	.	.	.
363	1EMV	VA34A	2.58	1	1.78	448	.	.	.
364	1EMV	KA35A	0.19	1	0.28	449	.	.	.
365	1EMV	LA36A	0.91	1	0	450	.	.	.
366	1EMV	VA37A	1.66	1	0.66	451	.	.	.
367	1EMV	TA38A	0.9	1	0.17	452	.	.	.
368	1EMV	EA41A	2.08	1	0.91	453	.	.	.
369	1EMV	EA42A	0.66	1	0.44	454	.	.	.
370	1EMV	TA44A	0.3	1	0.04	455	.	.	.
371	1EMV	EA45A	0.21	1	-0.1	456	.	.	.
372	1EMV	HA46A	0.83	1	-0.02	457	.	.	.
373	1EMV	PA47A	0.44	1	0.26	458	.	.	.
374	1EMV	SA48A	0.01	1	-0.14	459	.	.	.
375	1EMV	GA49A	1.49	1	1.04	460	.	.	.
376	1EMV	SA50A	2.19	1	0.41	461	.	.	.
377	1EMV	DA51A	5.92	1	1.21	462	.	.	.
378	1EMV	LA52A	0.6	1	0.15	463	.	.	.
379	1EMV	IA53A	0.85	1	0.73	464	.	.	.
380	1EMV	YA54A	4.83	1	2.13	465	.	.	.
381	1EMV	YA55A	4.63	1	2.82	466	.	.	.
382	1EMV	PA56A	1.24	1	0.28	467	.	.	.
383	1EMV	DA60A	0.51	1	-0.15	468	.	.	.
384	1EMV	SA63A	0.87	1	0.01	469	.	.	.
385	1EMV	VA68A	1.86	1	0	470	.	.	.
386	1EMV	NA69A	0.28	1	0	471	.	.	.
387	1DVF	HA30A	1.65	1	-0.06	273	.	.	.
388	1DVF	YA32A	2.03	1	-0.08	274	.	.	.
389	1DVF	YA49A	1.63	1	0.81	275	.	.	.
390	1DVF	YA50A	0.69	1	0.63	276	.	.	.
391	1DVF	WA92A	0.34	1	-0.04	277	.	.	.
392	1DVF	SA93A	1.16	1	-0.28	278	.	.	.
393	1DVF	TB30A	0.91	1	-0.03	279	.	.	.
394	1DVF	YB32A	1.83	1	0.4	280	.	.	.
395	1DVF	WB52A	4.13	1	0.62	281	.	.	.
396	1DVF	DB54A	4.28	1	3.11	282	.	.	.
397	1DVF	NB56A	1.16	1	0.87	283	.	.	.
398	1DVF	DB58A	1.6	1	1.95	284	.	.	.
399	1DVF	EB98A	4.19	1	3.13	285	.	.	.
400	1DVF	RB99A	1.87	1	-0.38	286	.	.	.
401	1DVF	DB100A	2.79	1	-0.13	287	.	.	.
402	1DVF	YB101F	2.01	1	2.25	288	.	.	.
403	1DVF	YD98A	4.74	1	4.15	297	.	.	.
404	1DVF	YC49A	1.86	1	1.15	298	.	.	.
405	1DVF	QD100A	1.63	1	1.1	299	.	.	.
406	1DVF	ND54A	1.86	1	0.2	300	.	.	.
407	1DVF	RD100bA	4.09	1	1.96	301	.	.	.
408	1DVF	KD30A	1	1	-0.15	302	.	.	.
409	1DVF	HD33A	1.86	1	-0.15	303	.	.	.
410	1DVF	DD52A	1.68	1	-0.13	304	.	.	.
411	1DVF	ID97A	2.68	1	1.15	305	.	.	.
412	1DVF	EB98A, YD98A	4.63	2	6.68	306	.	.	.
413	1DVF	DB54A, YC49A	4.49	2	2.86	307	.	.	.
414	1DVF	DB58A, QD100A	1.46	2	-0.34	308	.	.	.
415	1DVF	YA49A, ND54A	2.03	2	0.29	309	.	.	.
416	1DVF	YA32A, RD100bA	4.65	2	0.81	310	.	.	.
417	1DVF	NB56A, QD100A	1.49	2	2.71	311	.	.	.
418	1DVF	WB52A, QD100A	4.16	2	3.58	312	.	.	.
419	1DVF	DB100A, HD33A	4.15	2	-0.5	313	.	.	.
420	1DVF	DB100A, DD52A	4.32	2	0.74	314	.	.	.
421	1DVF	YA49A, HD33A	2.63	2	1.82	315	.	.	.
422	1DVF	DB100A, ND54A	4.09	2	1.22	316	.	.	.
423	1DVF	NB56A, ND54A	2.3	2	2.15	317	.	.	.
424	1DVF	NB56A, HD33A	2.53	2	1.89	318	.	.	.
425	1CBW	TI11A	0.22	1	0.04	1135	.	.	.
426	1CBW	PI13A	-0.06	1	0.22	1137	.	.	.
427	1CBW	KI15A	1.99	1	-0.71	1138	.	.	.
428	1CBW	II18A	1.4	1	0.27	1140	.	.	.
429	1CBW	RI20A	0.35	1	0.2	1142	.	.	.
430	1CBW	VI34A	0.05	1	1.15	1144	.	.	.
431	1CBW	GI36A	0.95	1	0.46	1146	.	.	.
432	1CBW	RI39A	0.22	1	1.15	1148	.	.	.
433	1CBW	GI12A	0.68	1	0.38	1136	.	.	.
434	1CBW	RI17A	0.55	1	0.31	1139	.	.	.
435	1CBW	II19A	0.14	1	0.68	1141	.	.	.
436	1CBW	FI33A	0.14	1	0.24	1143	.	.	.
437	1CBW	YI35A	0.88	1	0.14	1145	.	.	.
438	1CBW	GI37A	0.81	1	2.54	1147	.	.	.
439	1CBW	KI46A	0.14	1	0.02	1149	.	.	.
440	1DAN	RH134A	0.74	1	-1.02	1617	.	.	.
441	1DAN	MH164A	0.74	1	1.65	1618	.	.	.
442	1DAN	KH192A	-0.19	1	0	1619	.	.	.
443	1DAN	LH144A	0.02	1	1.2	1620	.	.	.
444	1DAN	KT20A	2.44	1	0.88	1621	.	.	.
445	1DAN	DT44A	2.39	1	1.37	1622	.	.	.
446	1DAN	WT45A	1.56	1	0.11	1593	.	.	.
447	1DAN	KT46A	0.23	1	-0.22	2642	.	.	.
448	1DAN	VU146A	0.2	1	-0.22	1644	.	.	.
449	1DAN	QU110A	1.3	1	0.75	1625	.	.	.
450	1DAN	RU135A	0.52	1	1.85	2620	.	.	.
451	1DAN	FU140A	1.28	1	1.78	2617	.	.	.
452	1DAN	VU207A	1.57	1	1.41	1628	.	.	.
453	1DAN	ST16A	-0.13	1	-0.07	1629	.	.	.
454	1DAN	LT59A	0	1	0.71	1630	.	.	.
455	1DAN	DT61A	0.24	1	-0.82	1631	.	.	.
456	1DAN	ET62A	0	1	-0.53	1632	.	.	.
457	1DAN	IT63A	0	1	-0.16	1633	.	.	.
458	1DAN	VT64A	0	1	-0.45	1634	.	.	.
459	1DAN	QT69A	0	1	0	1635	.	.	.
460	1DAN	LT72A	-0.06	1	0.16	1636	.	.	.
461	1DAN	EU105A	-0.06	1	0.18	1637	.	.	.
462	1DAN	TU106A	-0.06	1	-0.06	1638	.	.	.
463	1DAN	NU107A	0	1	-0.24	1639	.	.	.
464	1DAN	RU131A	0	1	1	1640	.	.	.
465	1DAN	TU132A	0	1	-0.5	1641	.	.	.
466	1DAN	RU136A	-0.06	1	0.56	1642	.	.	.
467	1DAN	NU138A	0	1	-0.08	1643	.	.	.
468	1DAN	VU146A	0.2	1	0	1644	.	.	.
469	1DAN	FU147A	-0.06	1	0.03	1645	.	.	.
470	1DAN	YU157A	0	1	0.2	1646	.	.	.
471	1DAN	VU179A	0.11	1	-0.01	1647	.	.	.
472	1DAN	RU196A	0.46	1	-0.57	1648	.	.	.
473	1DAN	TU197A	0.11	1	0	1649	.	.	.
474	1DAN	VU198A	0.11	1	-0.21	1650	.	.	.
475	1DAN	NU199A	0	1	0.09	1651	.	.	.
476	1DAN	EU208A	0	1	0.42	2592	.	.	.
477	1DAN	TU203A	0.14	1	-0.24	2594	.	.	.
478	1DAN	KU201A, DU204A	0.04	2	-0.54	2595	.	.	.
479	1DAN	NU199A, RU200A	0.4	2	-0.03	2596	.	.	.
480	1DAN	TU197A, VU198A	-0.15	2	0.14	2597	.	.	.
481	1DAN	SU195A	0	1	0.21	2598	.	.	.
482	1DAN	SU195A, RU196A	0.64	2	-0.95	2599	.	.	.
483	1DAN	YU185A	-0.33	1	0.11	2600	.	.	.
484	1DAN	EU183A, NU184A	-0.09	2	0.23	2601	.	.	.
485	1DAN	KU181A	0.02	1	-0.01	2602	.	.	.
486	1DAN	LU176A	0.08	1	0	2603	.	.	.
487	1DAN	NU173A, EU174A	-0.02	2	0	2604	.	.	.
488	1DAN	TU172A	-0.03	1	0	2605	.	.	.
489	1DAN	KU169A	0.12	1	0	2606	.	.	.
490	1DAN	TU167A	0.21	1	-0.06	2607	.	.	.
491	1DAN	KU165A, KU166A	-0.24	2	-0.67	2608	.	.	.
492	1DAN	GU164R	-0.16	1	-0.79	2609	.	.	.
493	1DAN	SU163A	0.02	1	-0.02	2610	.	.	.
494	1DAN	WU158F	0.12	1	0.09	2611	.	.	.
495	1DAN	YU156L	0.16	1	-0.11	2612	.	.	.
496	1DAN	IU152A	0.18	1	0	2613	.	.	.
497	1DAN	KU149A, DU150A	-0.1	2	0.09	2614	.	.	.
498	1DAN	DU145A	-0.01	1	0.29	2615	.	.	.
499	1DAN	RU144A	0	1	-0.84	2616	.	.	.
500	1DAN	TU139A	-0.02	1	0.2	2618	.	.	.
501	1DAN	RU136A, NU137A, NU138A	0.21	3	-0.13	2619	.	.	.
502	1DAN	LU133A	-0.03	1	0.62	2621	.	.	.
503	1DAN	EU130A, RU131F	-0.02	2	1.53	2622	.	.	.
504	1DAN	DU129A	-0.03	1	1.29	2623	.	.	.
505	1DAN	EU128A	0.09	1	1.95	2624	.	.	.
506	1DAN	KU122A	-0.12	1	0	2625	.	.	.
507	1DAN	QU114A, EU117A	0.03	2	0.07	2626	.	.	.
508	1DAN	NU107A, QU110A	0.41	2	-0.15	2627	.	.	.
509	1DAN	LU104A, EU105A	-0.46	2	0.02	2628	.	.	.
510	1DAN	EU99A	-0.18	1	-0.29	2629	.	.	.
511	1DAN	YU94A	1.02	1	5.38	2630	.	.	.
512	1DAN	KT68A	-0.07	1	-0.01	2631	.	.	.
513	1DAN	KT68A, QT69A	-0.21	2	0.02	2632	.	.	.
514	1DAN	KT65A, DT66A	-0.5	2	-1.86	2633	.	.	.
515	1DAN	DT61A, ET62A	0.3	2	-2.56	2634	.	.	.
516	1DAN	DT58E	1.38	1	-2.31	2635	.	.	.
517	1DAN	DT58A	1.99	1	-0.44	2636	.	.	.
518	1DAN	DT54A, ET56A	0.43	2	-0.02	2637	.	.	.
519	1DAN	TT52A	0.4	1	-0.36	2638	.	.	.
520	1DAN	FT50A	0.44	1	1.91	2639	.	.	.
521	1DAN	KT48A	0.41	1	1.2	2640	.	.	.
522	1DAN	ST47A	-0.13	1	-1.53	1594	.	.	.
523	1DAN	KT46A, KT48A	1.14	2	0.67	2643	.	.	.
524	1DAN	KT46A	0.23	1	-0.22	2642	.	.	.
525	1DAN	WT45F	1.27	1	1.18	2644	.	.	.
526	1DAN	ST42A	-0.07	1	-1.4	2646	.	.	.
527	1DAN	KT41A	0.32	1	-0.63	2647	.	.	.
528	1DAN	KT41A, DT44A	1.57	2	1.41	2648	.	.	.
529	1DAN	QT37A	0.76	1	0.2	1602	.	.	.
530	1DAN	KT28A	0.12	1	-0.13	2650	.	.	.
531	1DAN	ET26A	0.1	1	0.04	2651	.	.	.
532	1DAN	WT25F	0.61	1	0.05	2652	.	.	.
533	1DAN	ET24A	0.66	1	-2.26	2653	.	.	.
534	1DAN	IT22A	0.64	1	-1.76	2654	.	.	.
535	1DAN	TT21A	-0.16	1	-2.92	2655	.	.	.
536	1DAN	KT20R	1.68	1	0.55	2656	.	.	.
537	1DAN	NT18A	0.18	1	0.25	2658	.	.	.
538	1DAN	TT17A	0.12	1	0.17	2659	.	.	.
539	1DAN	KT15A	-0.4	1	-0.66	2660	.	.	.
540	1DAN	WT14F	0.69	1	0.24	2661	.	.	.
541	1DAN	WT45R, ST47G	1.54	2	6.78	1592	.	.	.
542	1DAN	VT33A	-0.19	1	-0.01	1595	.	.	.
543	1DAN	YT51A	-0.13	1	2.04	1596	.	.	.
544	1DAN	FT76A	1.15	1	1.25	1597	.	.	.
545	1DAN	YT78A	0.65	1	0.62	1598	.	.	.
546	1DAN	PU92A	-0.19	1	0.98	1599	.	.	.
547	1DAN	VT36A	-0.13	1	-0.13	1601	.	.	.
548	1DAN	IT38A	-0.13	1	-0.49	1603	.	.	.
549	1DAN	GT43A	0.07	1	0.14	1604	.	.	.
550	1DAN	CT49S, CT57S	-0.34	2	0.75	1606	.	.	.
551	1DAN	TT60A	2.31	1	0.76	1607	.	.	.
552	1DAN	TT60A, FU140A	4.5	2	-0.59	1608	.	.	.
553	1DAN	TT60A, KT20A	3.18	2	1.91	1609	.	.	.
554	1DAN	DT44A, WT45A	1.57	2	2.64	1611	.	.	.
555	1DAN	DT44A, FU140A	3.3	2	1.2	1612	.	.	.
556	1DAN	DT44A, KT20A	4.16	2	1.57	1613	.	.	.
557	1DAN	DT44A, DT58A	4.01	2	2.08	1614	.	.	.
558	1DAN	DT44A, TT60A	4.32	2	-1.48	1615	.	.	.
559	1DAN	DT44A, KT20A, FU140A	5.96	3	2.81	1616	.	.	.
560	1GC1	KC1A	0.06	1	0.19	1462	.	.	.
561	1GC1	KC2A	-0.02	1	0.01	1463	.	.	.
562	1GC1	KC7A	1	1	0	1464	.	.	.
563	1GC1	KC8A	0.11	1	0	1465	.	.	.
564	1GC1	DC10A	0	1	0.01	1466	.	.	.
565	1GC1	TC11A	0	1	0.02	1467	.	.	.
566	1GC1	TC15A	0.32	1	-0.21	1468	.	.	.
567	1GC1	TC17A	-0.13	1	0.16	1469	.	.	.
568	1GC1	SC19A	0	1	0	1470	.	.	.
569	1GC1	QC20A	-0.02	1	0.05	1471	.	.	.
570	1GC1	KC21A	-0.13	1	0.05	1472	.	.	.
571	1GC1	KC22A	0.24	1	-0.04	1473	.	.	.
572	1GC1	SC23A	0.29	1	-0.52	1474	.	.	.
573	1GC1	QC25A	0.03	1	0.79	1475	.	.	.
574	1GC1	HC27A	0.28	1	1.25	1476	.	.	.
575	1GC1	KC29A	0.54	1	-0.22	1477	.	.	.
576	1GC1	NC30A	0.17	1	0.44	1478	.	.	.
577	1GC1	SC31A	0.11	1	0.02	1479	.	.	.
578	1GC1	NC32A	0.18	1	-1.27	1480	.	.	.
579	1GC1	QC33A	0.11	1	-1.01	1481	.	.	.
580	1GC1	KC35A	0.32	1	-0.7	1482	.	.	.
581	1GC1	NC39A	0.47	1	0.12	1483	.	.	.
582	1GC1	QC40A	-0.41	1	-1.56	1484	.	.	.
583	1GC1	SC42A	0	1	-0.19	1485	.	.	.
584	1GC1	LC44A	1.06	1	0.89	1486	.	.	.
585	1GC1	TC45A	-0.15	1	-0.67	1487	.	.	.
586	1GC1	KC46A	1.43	1	1.18	1488	.	.	.
587	1GC1	SC49A	0.61	1	0.09	1489	.	.	.
588	1GC1	KC50A	0.05	1	-0.16	1490	.	.	.
589	1GC1	LC51A	1.23	1	0.01	1491	.	.	.
590	1GC1	NC52A	0.71	1	-0.09	1492	.	.	.
591	1GC1	DC53A	0.3	1	0.05	1493	.	.	.
592	1GC1	DC56A	-0.07	1	-0.11	1494	.	.	.
593	1GC1	RC58A	0.13	1	0.18	1495	.	.	.
594	1GC1	RC59A	1.18	1	1.99	1496	.	.	.
595	1GC1	SC60A	-0.09	1	-3.8	1497	.	.	.
596	1GC1	DC63A	-0.32	1	0.11	1498	.	.	.
597	1GC1	QC64A	0.44	1	0.16	1499	.	.	.
598	1GC1	NC66A	-0.03	1	-0.85	1500	.	.	.
599	1GC1	KC72A	-0.02	1	0.03	1501	.	.	.
600	1GC1	NC73A	-0.11	1	0	1502	.	.	.
601	1GC1	KC75A	0.16	1	0.01	1503	.	.	.
602	1GC1	EC77A	0.56	1	0	1504	.	.	.
603	1GC1	YC82A	1.29	1	0.14	1505	.	.	.
604	1GC1	EC85A	1.32	1	0.02	1506	.	.	.
605	1GC1	VC86A	-0.07	1	0.06	1507	.	.	.
606	1GC1	EC87A	0.22	1	-0.51	1508	.	.	.
607	1GC1	DC88A	-0.07	1	-0.56	1509	.	.	.
608	1GC1	QC89A	0.17	1	-0.57	1510	.	.	.
609	1GC1	KC90A	0.05	1	-0.61	1511	.	.	.
610	1GC1	EC91A	-0.13	1	-0.04	1512	.	.	.
611	1GC1	EC92A	0.02	1	-0.84	1513	.	.	.
612	1GC1	QC94A	-0.11	1	0	1514	.	.	.
613	1GC1	QC89L	-0.31	1	0.73	1515	.	.	.
614	1GC1	QC40A, DC63A	-0.5	2	-0.01	1516	.	.	.
615	1GC1	QC40A, DC63A, QC89L	-0.85	3	-0.44	1517	.	.	.
616	1A22	MA14A	0	1	0.15	1249	.	.	.
617	1A22	HA18A	-0.49	1	-1.25	1250	.	.	.
618	1A22	HA21A	0.16	1	-0.4	1251	.	.	.
619	1A22	QA22A	-0.22	1	0.16	1252	.	.	.
620	1A22	FA25A	-0.43	1	0.88	1381	.	.	.
621	1A22	DA26A	-0.21	1	0.02	1254	.	.	.
622	1A22	QA29A	-0.59	1	-0.53	1255	.	.	.
623	1A22	YA42A	0.2	1	-0.49	1256	.	.	.
624	1A22	LA45A	1.22	1	0.8	1257	.	.	.
625	1A22	QA46A	0.11	1	-0.34	1258	.	.	.
626	1A22	PA48A	0.41	1	0.56	1259	.	.	.
627	1A22	SA51A	0.35	1	0.79	1260	.	.	.
628	1A22	EA56A	0.41	1	1.05	1261	.	.	.
629	1A22	PA61A	1.21	1	-1.24	1262	.	.	.
630	1A22	SA62A	0.16	1	-1.45	1263	.	.	.
631	1A22	NA63A	0.31	1	-0.73	1264	.	.	.
632	1A22	RA64A	1.64	1	2.22	1265	.	.	.
633	1A22	EA65A	-0.47	1	-3.14	1266	.	.	.
634	1A22	QA68A	0.59	1	1.9	1267	.	.	.
635	1A22	YA164A	0.35	1	0.98	1268	.	.	.
636	1A22	RA167A	0.28	1	3.41	1269	.	.	.
637	1A22	KA168A	-0.15	1	0.26	1270	.	.	.
638	1A22	DA171A	0.79	1	1.6	1271	.	.	.
639	1A22	KA172A	2.01	1	-0.43	1272	.	.	.
640	1A22	EA174A	-0.92	1	-0.58	1273	.	.	.
641	1A22	TA175A	1.91	1	1.49	1274	.	.	.
642	1A22	FA176A	0.41	1	-0.57	1275	.	.	.
643	1A22	RA178A	2.42	1	-1.19	1276	.	.	.
644	1A22	IA179A	0.81	1	1.61	1277	.	.	.
645	1A22	RA183A	0.54	1	0.17	1278	.	.	.
646	1A22	EA186A	-0.01	1	0.05	1279	.	.	.
647	1A22	RB243A	2.12	1	1.47	1280	.	.	.
648	1A22	EB244A	0.65	1	-0.08	1329	.	.	.
649	1A22	RB270A	0.69	1	0.3	1282	.	.	.
650	1A22	RB271A	0.6	1	0.58	1331	.	.	.
651	1A22	TB273A	-0.44	1	-1.03	1363	.	.	.
652	1A22	QB274A	0	1	0.86	1285	.	.	.
653	1A22	EB275A	-0.1	1	-0.36	1286	.	.	.
654	1A22	WB276A	0.6	1	2.15	1355	.	.	.
655	1A22	WB280A	-0.02	1	-0.06	1288	.	.	.
656	1A22	SB298A	-0.33	1	-0.41	1368	.	.	.
657	1A22	SB302A	-0.18	1	-0.3	1290	.	.	.
658	1A22	IB303A	0.43	1	0.29	1373	.	.	.
659	1A22	IB305A	0.13	1	0.55	1374	.	.	.
660	1A22	PB306A	2.63	1	1.12	1375	.	.	.
661	1A22	EB320A	-0.18	1	0.46	1294	.	.	.
662	1A22	KB321A	0.08	1	-0.55	1295	.	.	.
663	1A22	SB324A	0.2	1	0.66	1399	.	.	.
664	1A22	DB326A	0.98	1	-0.41	1338	.	.	.
665	1A22	EB327A	0.41	1	-2.28	1339	.	.	.
666	1A22	DB364A	1.49	1	1.1	1299	.	.	.
667	1A22	IB365A	2.13	1	-1.22	1300	.	.	.
668	1A22	QB366A	0.02	1	0.99	1301	.	.	.
669	1A22	KB367A	0	1	0.36	1405	.	.	.
670	1A22	VB371A	-0.62	1	0.73	1303	.	.	.
671	1A22	TB395A	-0.1	1	-0.08	1408	.	.	.
672	1A22	QB416A	0.89	1	1.19	1305	.	.	.
673	1A22	RB417A	0.2	1	-0.88	1410	.	.	.
674	1A22	NB418A	0.3	1	-0.6	1411	.	.	.
675	1A22	SB419A	0.03	1	-1.79	1308	.	.	.
676	1A22	EB242A	1.23	1	1.88	1327	.	.	.
677	1A22	NB272A	0.27	1	0.29	1310	.	.	.
678	1A22	TB277A	0.2	1	-0.35	1311	.	.	.
679	1A22	FB296S	0.05	1	-0.01	1312	.	.	.
680	1A22	TB301A	1.09	1	0.76	1371	.	.	.
681	1A22	TB394A	0.2	1	-0.01	1407	.	.	.
682	1A22	KB415A	0.5	1	0.28	1352	.	.	.
683	1A22	RB243L	0.52	1	2.34	1316	.	.	.
684	1A22	RB243M	1	1	1.74	1317	.	.	.
685	1A22	KB234A, KB237A	0.24	2	-0.08	1319	.	.	.
686	1A22	RB270A, RB271A, EB275A	0.96	3	1.36	1320	.	.	.
687	1A22	DB319A, EB320A, KB321A	0.21	3	0.58	1321	.	.	.
688	1A22	DB352A, RB356A, EB358A	0.31	3	-0.27	1322	.	.	.
689	1A22	RB361A, DB364A, KB367A	-0.06	3	2.68	1323	.	.	.
690	1A22	EB383A, KB385A, KB387A, DB390A	0.12	4	-0.15	1324	.	.	.
691	1A22	KB403A, DB405A, KB406A, EB407A, EB409A	1.12	5	-0.46	1325	.	.	.
692	1A22	RB239A	0.27	1	0.54	1326	.	.	.
693	1A22	EB279A	-0.08	1	0.01	1333	.	.	.
694	1A22	KB281A	0.14	1	0.01	1334	.	.	.
695	1A22	EB282A	0.78	1	0.02	1335	.	.	.
696	1A22	EB291A	0.18	1	0	1336	.	.	.
697	1A22	KB310A	0.04	1	-0.24	1337	.	.	.
698	1A22	DB332A	1.09	1	-0.43	1340	.	.	.
699	1A22	EB373A	0.08	1	-0.01	1341	.	.	.
700	1A22	EB375A	-0.08	1	0.11	1342	.	.	.
701	1A22	KB379A	0	1	0	1343	.	.	.
702	1A22	EB380A	0.2	1	0	1344	.	.	.
703	1A22	KB403A	0.24	1	0	1345	.	.	.
704	1A22	DB405A	-0.05	1	-0.01	1346	.	.	.
705	1A22	KB406A	0.2	1	0	1347	.	.	.
706	1A22	EB407A	-0.08	1	0	1348	.	.	.
707	1A22	EB409A	-0.06	1	0	1349	.	.	.
708	1A22	RB411A	0.06	1	0.01	1350	.	.	.
709	1A22	RB413A	-0.19	1	0	1351	.	.	.
710	1A22	EB424A	0.11	1	0.02	1354	.	.	.
711	1A22	WB304F	2.78	1	0.22	1357	.	.	.
712	1A22	YB295A	0.2	1	0	1358	.	.	.
713	1A22	PB241A	0.26	1	-0.04	1359	.	.	.
714	1A22	SB247A	-0.01	1	-0.25	1360	.	.	.
715	1A22	TB251A	0.07	1	0.23	1361	.	.	.
716	1A22	QB278A	-0.41	1	-0.58	1366	.	.	.
717	1A22	NB297A	-0.26	1	0	1367	.	.	.
718	1A22	SB299A	-0.51	1	0.34	1369	.	.	.
719	1A22	FB300A	-0.01	1	0.47	1370	.	.	.
720	1A22	VB325A	1.14	1	-0.77	1376	.	.	.
721	1A22	IB328A	0.59	1	0.15	1377	.	.	.
722	1A22	VB329A	-0.05	1	0.48	1378	.	.	.
723	1A22	QB330A	-0.03	1	-0.24	1379	.	.	.
724	1A22	FA25A, YA42A, QA46A	0.19	3	1.89	1380	.	.	.
725	1A22	YA42A, QA46A	0.27	2	-0.88	1382	.	.	.
726	1A22	CB308A	0	1	-0.36	1395	.	.	.
727	1A22	CB322A	0	1	-0.67	1398	.	.	.
728	1A22	TA3A	-0.05	1	0.24	1412	.	.	.
729	1A22	IA4A	0.41	1	-0.02	1413	.	.	.
730	1A22	PA5A	0.43	1	0.01	1414	.	.	.
731	1A22	LA6A	0.6	1	0.09	1415	.	.	.
732	1A22	SA7A	0.34	1	0	1416	.	.	.
733	1A22	RA8A	0.2	1	0.09	1417	.	.	.
734	1A22	LA9A	-0.04	1	-0.01	1418	.	.	.
735	1A22	FA10A	1.04	1	-0.16	1419	.	.	.
736	1A22	NA12A	0.1	1	-0.23	1420	.	.	.
737	1A22	LA15A	0.15	1	-0.02	1421	.	.	.
738	1A22	RA16A	0.24	1	0.01	1422	.	.	.
739	1A22	RA19A	0.05	1	-0.15	1423	.	.	.
740	1A22	FA54A	0.87	1	-0.15	1424	.	.	.
741	1A22	SA55A	0.11	1	0.06	1425	.	.	.
742	1A22	SA57A	0.2	1	0.19	1426	.	.	.
743	1A22	IA58A	1.64	1	-0.1	1427	.	.	.
744	1A22	PA59A	0.38	1	0.06	1428	.	.	.
745	1A22	EA66A	0.43	1	-0.54	1429	.	.	.
746	1A22	QA69A	-0.05	1	-0.3	1430	.	.	.
747	1A22	KA70A	0.52	1	-0.48	1431	.	.	.
748	1A22	SA71A	0.41	1	0.14	1432	.	.	.
749	1A22	LA73A	-0.2	1	-0.02	1433	.	.	.
750	1A22	VA180A	0	1	-0.11	1434	.	.	.
751	1A22	QA181A	0.27	1	-0.56	1435	.	.	.
752	1A22	CA182A	1.01	1	0.51	1436	.	.	.
753	1A22	SA184A	-0.05	1	0.05	1437	.	.	.
754	1A22	VA185A	0.87	1	-0.3	1438	.	.	.
755	1A22	GA187A	0.34	1	0	1439	.	.	.
756	1A22	SA188A	-0.2	1	0.02	1440	.	.	.
757	1A22	FA191A	0.19	1	-0.08	1441	.	.	.
758	1IAR	IA5A	1.17	1	1.81	65	.	.	.
759	1IAR	IA5R	0.8	1	0.8	66	.	.	.
760	1IAR	TA6A	-0.1	1	0.69	67	.	.	.
761	1IAR	TA6D	1.39	1	2.2	68	.	.	.
762	1IAR	QA8A	-0.02	1	-0.18	69	.	.	.
763	1IAR	QA8R	0.04	1	-0.05	70	.	.	.
764	1IAR	EA9Q	3.11	1	-0.19	71	.	.	.
765	1IAR	IA11A	0.07	1	0	72	.	.	.
766	1IAR	KA12S	-0.01	1	1.16	73	.	.	.
767	1IAR	KA12E	0.14	1	0.86	74	.	.	.
768	1IAR	TA13A	0.98	1	0.02	75	.	.	.
769	1IAR	TA13D	-0.22	1	1	76	.	.	.
770	1IAR	NA15A	-0.03	1	-0.23	77	.	.	.
771	1IAR	NA15D	-0.08	1	-0.05	78	.	.	.
772	1IAR	SA16A	-0.18	1	-0.06	79	.	.	.
773	1IAR	SA16D	-0.1	1	0.16	80	.	.	.
774	1IAR	EA19A	-0.32	1	-0.5	81	.	.	.
775	1IAR	EA19R	-0.12	1	-0.06	82	.	.	.
776	1IAR	RA53Q	0.84	1	0.95	83	.	.	.
777	1IAR	KA77A	0.15	1	-0.19	84	.	.	.
778	1IAR	KA77E	0.61	1	0.11	85	.	.	.
779	1IAR	QA78A	0.12	1	-0.47	86	.	.	.
780	1IAR	QA78E	0.24	1	-0.21	87	.	.	.
781	1IAR	RA81A	0.48	1	2.41	88	.	.	.
782	1IAR	RA81E	1.46	1	3.16	89	.	.	.
783	1IAR	FA82A	-0.09	1	0.99	90	.	.	.
784	1IAR	FA82D	-0.58	1	1.31	91	.	.	.
785	1IAR	KA84A	0.34	1	0.07	92	.	.	.
786	1IAR	KA84D	1.88	1	0.7	93	.	.	.
787	1IAR	RA85A	0.43	1	4.35	94	.	.	.
788	1IAR	RA85E	1.22	1	4.58	95	.	.	.
789	1IAR	RA88Q	2.83	1	2.7	96	.	.	.
790	1IAR	RA88A	3.75	1	2.88	97	.	.	.
791	1IAR	NA89A	1.56	1	2	98	.	.	.
792	1IAR	WA91A	0.73	1	1.59	99	.	.	.
793	1IAR	WA91D	1.31	1	1.68	100	.	.	.
794	1JRH	TI14V	-0.03	1	0.01	1518	.	.	.
795	1JRH	TI19L, EI21K	-0.03	2	0.01	1519	.	.	.
796	1JRH	MI25L, II28V	-0.21	2	0	1520	.	.	.
797	1JRH	II35N, PI37S, VI39T, VI41I	0.14	4	0	1521	.	.	.
798	1JRH	EI45Q	0.1	1	0.64	1522	.	.	.
799	1JRH	AI59S, II61T, HI65D	0.07	3	0.31	1523	.	.	.
800	1JRH	SI71Y, DI72E, HI73Q, VI74I, GI75M, DI76Y, SI78D, NI79V, LI81A	2.96	9	0.85	1524	.	.	.
801	1JRH	VI83A, RI88K	-0.21	2	-0.82	1525	.	.	.
802	1JRH	AI95D, KI98R, EI100K	-0.05	3	1.27	1526	.	.	.
803	1JRH	AI103L, VI104M	0.63	2	-0.05	1527	.	.	.
804	1JRH	EL27A	0.54	1	1.13	1528	.	.	.
805	1JRH	DL28A	0.43	1	1.03	1529	.	.	.
806	1JRH	YL30A	1.11	1	0.76	1530	.	.	.
807	1JRH	YL91A	0.58	1	-0.69	1531	.	.	.
808	1JRH	WL92A	2.82	1	2.83	1532	.	.	.
809	1JRH	SL93A	-0.65	1	-0.93	1533	.	.	.
810	1JRH	TL94A	0.39	1	0.64	1534	.	.	.
811	1JRH	WL96A	1.67	1	-0.82	1535	.	.	.
812	1JRH	YH32A	1.43	1	1.76	1536	.	.	.
813	1JRH	WH52A	2.69	1	1.65	1537	.	.	.
814	1JRH	WH53A	2.42	1	1.55	1538	.	.	.
815	1JRH	DH54A	1.89	1	0.74	1539	.	.	.
816	1JRH	DH55A	1.67	1	0.08	1540	.	.	.
817	1JRH	DH56A	1.85	1	0.86	1541	.	.	.
818	1JRH	YH58A	1.26	1	0.54	1542	.	.	.
819	1JRH	RH95A	0.54	1	-0.8	1543	.	.	.
820	1JRH	FH98A	0	1	0.05	1544	.	.	.
821	1JRH	YH99A	1.06	1	1.28	1545	.	.	.
822	1JRH	HH100bA	1.7	1	0.53	1546	.	.	.
823	1JRH	EI55P, II57R	-3.44	2	-0.66	1547	.	.	.
824	1JRH	SI54G, EI55G, II57R	-3.38	3	-0.43	1548	.	.	.
825	1JRH	EI55P, II57L	-3.46	2	-1.64	1549	.	.	.
826	1JRH	SI54G, EI55P, II57K	-3.88	3	-1.22	1550	.	.	.
827	1JRH	EI55P	-3.79	1	-0.52	1551	.	.	.
828	1JRH	KI47A	3.85	1	3.95	1573	ELISA.	.	.
829	1JRH	NI48A	0.63	1	0.2	1574	ELISA.	.	.
830	1JRH	NI48Q	0.71	1	0.29	1575	ELISA.	.	.
831	1JRH	YI49A	3.65	1	1.01	1576	ELISA.	.	.
832	1JRH	YI49F	1.03	1	-0.54	1577	ELISA.	.	.
833	1JRH	GI50A	4.38	1	6.54	1578	ELISA.	.	.
834	1JRH	VI51A	1.48	1	1.77	1579	ELISA.	.	.
835	1JRH	KI52A	3.79	1	2.65	1580	ELISA.	.	.
836	1JRH	NI53A	4.71	1	-1.49	1581	ELISA.	.	.
837	1JRH	SI54A	0.46	1	1.21	1582	ELISA.	.	.
838	1JRH	EI55A	-0.7	1	1.65	1583	ELISA.	.	.
839	1JRH	WI56F	0.15	1	0.41	1584	ELISA.	.	.
840	1JRH	WI56Y	0.58	1	1.3	1585	ELISA.	.	.
841	1JRH	NI79A	0	1	1.61	1586	ELISA.	.	.
842	1JRH	WI82A	4.33	1	1.94	1587	ELISA.	.	.
843	1JRH	WI82F	1.1	1	1.7	1588	ELISA.	.	.
844	1JRH	WI82Y	1.24	1	0.76	1589	ELISA.	.	.
845	1JRH	RI84A	1.03	1	1.84	1590	ELISA.	.	.
846	1JRH	KI98A	0.67	1	2.1	1591	ELISA.	.	.
847	1JTG	GA238S	-1.63	1	0.42	750	.	.	.
848	1JTG	EA104A, YA105A	1.03	2	5.33	813	.	.	.
849	1JTG	EA104K, FB142A	4.55	2	7.4	757	.	.	.
850	1JTG	YA105A	-0.17	1	3.17	805	.	.	.
851	1JTG	SA130A	0.79	1	1.22	775	.	.	.
852	1JTG	KA234A	1.03	1	2.31	830	.	.	.
853	1JTG	KA234A, SA130A	1.98	2	3.93	782	.	.	.
854	1JTG	KA234A, SA130A, RA243A	2.51	3	5.05	787	.	.	.
855	1JTG	KA234A, SA235A, SA130A, RA243A	2.79	4	4.46	788	.	.	.
856	1JTG	SA235A	1.24	1	1.69	774	.	.	.
857	1JTG	GA238S, FB142A	3.68	2	5.76	755	.	.	.
858	1JTG	RA243A	1.27	1	0.81	821	.	.	.
859	1JTG	RA243A, SA130A	1.85	2	2.01	780	.	.	.
860	1JTG	TB140K	-0.01	1	0.04	916	.	.	.
861	1JTG	FB142A	2.1	1	2.64	791	.	.	.
862	1JTG	FB142A, EA104A, YA105A	1.5	3	4.01	815	.	.	.
863	1JTG	FB142A, YA105A	0.69	2	5.08	807	.	.	.
864	1JTG	FB142A, RA243A	3.39	2	5.62	824	.	.	.
865	1JTG	FB142A, YB143A	2.84	2	4.89	795	.	.	.
866	1JTG	FB142A, YB143A, EA104A	2.89	3	6.24	803	.	.	.
867	1JTG	FB142A, YB143A, YA105A	2.99	3	6.59	811	.	.	.
868	1JTG	YB143A	0.38	1	2.33	792	.	.	.
869	1JTG	YB143A, EA104A	1.86	2	2.23	800	.	.	.
870	1JTG	YB143A, EA104A, YA105A	2.05	3	2.62	816	.	.	.
871	1JTG	YB143A, YA105A	1.07	2	3.95	808	.	.	.
872	1JTG	YB143A, RA243A	2.27	2	3.84	825	.	.	.
873	1JTG	DB163A	-1.34	1	0.76	918	.	.	.
874	1JTG	DB163K	-1.98	1	0.14	919	.	.	.
875	1JTG	DB163K, DB135K, VB134K	-3.05	3	-1.55	922	.	.	.
876	1JTG	VB165K, DB163K, DB135K, NB89K	-3.36	4	-0.82	923	.	.	.
877	1JTG	VB165K, DB163K, NB89K	-2.39	3	-1.52	921	.	.	.
878	1JTG	TB32K	0.2	1	-0.1	914	.	.	.
879	1JTG	TB140K, QB157K	-0.4	2	-0.02	920	.	.	.
880	1JTG	KB74A	3.56	1	2.83	790	.	.	.
881	1JTG	KB74A, EA104A	1.58	2	4.36	798	.	.	.
882	1JTG	KB74A, EA104A, YA105A	1.39	3	5.64	814	.	.	.
883	1JTG	KB74A, YA105A	3.32	2	6.43	806	.	.	.
884	1JTG	KB74A, FB142A, YB143A, SA130A	5.06	4	5.79	847	.	.	.
885	1JTG	KB74A, KA234A	6.55	2	5.44	832	.	.	.
886	1JTG	KB74A, FB142A, KA234A	5.83	3	7.72	835	.	.	.
887	1JTG	KB74A, FB142A, YB143A, KA234A	5.47	4	6.29	838	.	.	.
888	1JTG	KB74A, YB143A, KA234A	4.87	3	5.29	836	.	.	.
889	1JTG	KB74A, RA243A	6.62	2	3.15	823	.	.	.
890	1JTG	KB74A, FB142A	4.85	2	4.97	793	.	.	.
891	1JTG	KB74A, FB142A, EA104A	3.13	3	5.38	801	.	.	.
892	1JTG	KB74A, FB142A, EA104A, YA105A	3.13	4	6.08	817	.	.	.
893	1JTG	KB74A, FB142A, YA105A	4.78	3	9.04	809	.	.	.
894	1JTG	KB74A, FB142A, RA243A	5.49	3	8.49	826	.	.	.
895	1JTG	KB74A, FB142A, YB143A	3.89	3	5.5	796	.	.	.
896	1JTG	KB74A, FB142A, YB143A, EA104A	2.39	4	5.41	804	.	.	.
897	1JTG	KB74A, FB142A, YB143A, EA104A, YA105A	2.41	5	3.31	820	.	.	.
898	1JTG	KB74A, FB142A, YB143A, YA105A	4.23	4	1.71	812	.	.	.
899	1JTG	KB74A, YB143A	3.06	2	1.69	794	.	.	.
900	1JTG	KB74A, YB143A, EA104A	1.05	3	2.99	802	.	.	.
901	1JTG	KB74A, YB143A, EA104A, YA105A	1.77	4	4.41	818	.	.	.
902	1JTG	KB74A, YB143A, YA105A	3.39	3	4.86	810	.	.	.
903	1JTG	KB74A, YB143A, RA243A	4.37	3	3.09	827	.	.	.
904	1JTG	NB89K	-0.45	1	-0.01	917	.	.	.
905	1JTG	VB93K	-0.48	1	0	915	.	.	.
906	1JTG	RA243A, KA234A	2.73	2	3.9	785	.	.	.
907	1JTG	RA243A, SA235A, KA234A	2.72	3	4.04	786	.	.	.
908	1JTG	NA100A	-0.46	1	0.01	849	.	.	.
909	1JTG	NA100A, WB112A	2.79	2	1.9	896	.	.	.
910	1JTG	NA100A, FB142A	2.29	2	3.3	900	.	.	.
911	1JTG	NA100A, HB148A	2.1	2	0.11	874	.	.	.
912	1JTG	NA100A, WB150A	4.35	2	0.41	875	.	.	.
913	1JTG	NA100A, RB160A	1.58	2	0.25	876	.	.	.
914	1JTG	NA100A, WB162A	2.1	2	0.63	897	.	.	.
915	1JTG	NA100A, KB74A	3.51	2	2.52	899	.	.	.
916	1JTG	VA103A	1.91	1	0.28	850	.	.	.
917	1JTG	VA103A, FB142A	4.51	2	3.69	903	.	.	.
918	1JTG	VA103A, RB160A	4.35	2	2.93	902	.	.	.
919	1JTG	VA103A, WB162A	4.23	2	1.69	878	.	.	.
920	1JTG	EA104A	1.55	1	2.23	797	.	.	.
921	1JTG	EA104A, SB113A	1.86	2	1.91	890	.	.	.
922	1JTG	EA110A, SB113A, SB71A	5.04	3	1.55	886	.	.	.
923	1JTG	EA104K	4.23	1	6.59	751	.	.	.
924	1JTG	PA107A	-0.38	1	1.21	852	.	.	.
925	1JTG	PA107A, HB41A	2.65	2	1.45	882	.	.	.
926	1JTG	PA107A, YB53A	2.39	2	1.55	884	.	.	.
927	1JTG	EA110A	4.06	1	0.8	853	.	.	.
928	1JTG	EA110A, SB113A	4.56	2	-0.32	887	.	.	.
929	1JTG	EA110A, SB113A, SB71A	5.04	3	0.82	886	.	.	.
930	1JTG	EA110A, YB50A	3.97	2	2.04	910	.	.	.
931	1JTG	EA110A, SB71A	5.02	2	0.13	888	.	.	.
932	1JTG	MA129A	0.74	1	1.41	854	.	.	.
933	1JTG	MA129A, SB113A, SB71A	1.67	3	0.44	911	.	.	.
934	1JTG	MA129A, FB36A	3.63	2	3.67	881	.	.	.
935	1JTG	MA129A, YB53A	3.61	2	2.76	879	.	.	.
936	1JTG	EA168A	-0.07	1	0.83	855	.	.	.
937	1JTG	EA168A, WB112A	2.79	2	3.33	904	.	.	.
938	1JTG	EA168A, FB142A	2.58	2	5.47	908	.	.	.
939	1JTG	EA168A, WB150A	4.11	2	1.4	905	.	.	.
940	1JTG	EA168A, RB160A	2.32	2	1.2	906	.	.	.
941	1JTG	EA168A, WB162A	2.08	2	0.69	877	.	.	.
942	1JTG	EA168A, KB74A	4.06	2	4.01	907	.	.	.
943	1JTG	VA216A	-0.41	1	1.16	856	.	.	.
944	1JTG	SA235A, SA130A, KA234A	1.85	3	3.71	784	.	.	.
945	1JTG	RA243A, SA235A, SA130A	1.69	3	3.62	783	.	.	.
946	1JTG	QA99A	0.43	1	-0.42	848	.	.	.
947	1JTG	QA99A, WB112A	3.54	2	2.63	891	.	.	.
948	1JTG	QA99A, FB142A	2.82	2	2.28	894	.	.	.
949	1JTG	QA99A, HB148A	3.2	2	0.26	871	.	.	.
950	1JTG	QA99A, WB150A	3.82	2	1.18	872	.	.	.
951	1JTG	QA99A, RB160A	3.75	2	0.36	873	.	.	.
952	1JTG	QA99A, WB162A	2.89	2	0.92	892	.	.	.
953	1JTG	QA99A, KB74A	4.11	2	2.65	893	.	.	.
954	1JTG	WB112A	3.01	1	2.41	864	.	.	.
955	1JTG	SB113A	-0.17	1	-0.23	865	.	.	.
956	1JTG	FB142A, EA104A	2.75	2	4.86	799	.	.	.
957	1JTG	FB142A, YB143A, EA104A, YA105A	2.84	4	6.55	819	.	.	.
958	1JTG	HB148A	2.75	1	0.13	867	.	.	.
959	1JTG	WB150A	4.25	1	0.4	868	.	.	.
960	1JTG	RB160A	2.22	1	0.49	869	.	.	.
961	1JTG	WB162A	2.34	1	0.76	870	.	.	.
962	1JTG	FB36A	3.2	1	1.64	857	.	.	.
963	1JTG	HB41A	3.25	1	0.45	858	.	.	.
964	1JTG	YB53A	2.08	1	1.9	861	.	.	.
965	1JTG	SB71A	0.36	1	0.44	862	.	.	.
966	2GYK	AA51D	-5.84	1	-2.52	473	.	.	.
967	2VLQ	AB86F	-3.83	1	-3.49	403	.	.	.
968	2VLO	AB97K	-1.93	1	-3.11	404	.	.	.
969	2VLP	AB54R	-1.64	1	-1.07	401	.	.	.
970	2VLN	AB75N	-2.3	1	-0.55	402	.	.	.
971	1FR2	AA41E	-2.08	1	-0.45	472	.	.	.
972	1MLC	NA32G	-0.86	1	-0.55		.	17891135	Table 1
973	1MLC	NA32Y	0	1	0.34		.	17891135	Table 1
974	1MLC	SB57V	-0.49	1	-1.86		.	17891135	Table 1
975	1MLC	SB57A	-0.37	1	-0.36		.	17891135	Table 1
976	1MLC	TB58D	-0.56	1	0.21		.	17891135	Table 1
977	1MLC	NA92A	-1.25	1	-0.13		.	17891135	Table 1
978	1MLC	TB31V	0.53	1	0		.	17891135	Table 1
979	1MLC	TB31A	0.45	1	0.28		.	17891135	Table 1
980	1MLC	TB31W	0.13	1	0.12		.	17891135	Table 1
981	1MLC	TB28D	-0.15	1	-0.03		.	17891135	Table 1
982	1MLC	KB65D	0.02	1	0.01		.	17891135	Table 1
983	1MLC	SB57V, TB58D	-0.99	2	-0.73		.	17891135	Table 1
984	1MLC	NA32G, NA92A	-0.69	2	-0.99		.	17891135	Table 1
985	1MLC	NA32G, NA92A, SB57V, TB58D	-1.74	4	-1.46		Mistake in ZEMu. The last two mutations are in chain B.	17891135	Table 1
986	1MLC	NA92A, SB57V, TB58D	-2.4	3	-2.26		Oddity in ZEMu. This record has three mutations but ZEMu listed residue B28T.	17891135	Table 1
987	1MLC	NA92A, TB28D, SB57V, TB58D	-2.74	4	-1.79		Mistake in ZEMu. The TB28D mutation was omitted.	17891135	Table 1
988	2A9K	GB99D	2.41	1	3.35	587	.	.	.
989	1FC2	YC133W	0.41	1	0.04	962	.	.	.
990	1FC2	IC135W	3.14	1	0.08	963	.	.	.
991	1FC2	FC149W	0	1	-0.58	964	.	.	.
992	1FC2	LC163W	0	1	-0.13	965	.	.	.
993	1FC2	LC136D	0.82	1	-0.08	971	.	.	.
994	1FC2	NC147A	0.58	1	0.18	972	.	.	.
995	1FC2	FC149A	0.06	1	-0.08	968	.	.	.
996	1FC2	IC150A	2.18	1	0.11	974	.	.	.
997	1FC2	KC154A	1.23	1	1.54	975	.	.	.
998	1FCC	TC25A	0.24	1	0.07	1454	.	.	.
999	1FCC	KC28A	1.26	1	1.34	1455	.	.	.
1000	1FCC	KC31A	3.48	1	0.86	1456	.	.	.
1001	1FCC	NC35A	2.36	1	1.45	1457	.	.	.
1002	1FCC	DC40A	0.27	1	1.05	1458	.	.	.
1003	1FCC	EC42A	0.39	1	-0.44	1459	.	.	.
1004	1FCC	WC43A	3.77	1	0.1	1460	.	.	.
1005	1FCC	TC44A, YC45A	1.95	2	0.22	1461	.	.	.
1006	1NMB	DH56N	2.95	1	1.4	1652	.	.	.
1007	1NMB	DH56E	2.95	1	-0.6	1653	.	.	.
1008	1NMB	YH99A	2.14	1	-0.77	1654	.	.	.
1009	1NMB	YH100aF	1.42	1	-1.19	1655	.	.	.
1010	1NMB	YL32F	0.47	1	0.55	1656	.	.	.
1011	1NMB	LL94V	0.9	1	-1.42	1659	.	.	.
1012	1AHW	KC149A, DC150A	1.18	2	1.01	258	.	.	.
1013	1AHW	YC157A	-1.89	1	0.04	259	.	.	.
1014	1AHW	KC165A, KC166A	-1.33	2	0.08	260	.	.	.
1015	1AHW	TC167A	-0.07	1	-0.58	261	.	.	.
1016	1AHW	TC170A	1.11	1	-0.13	262	.	.	.
1017	1AHW	LC176A	0.99	1	-0.08	263	.	.	.
1018	1AHW	DC178A	-0.48	1	0.18	264	.	.	.
1019	1AHW	TC197A	1.35	1	-0.08	265	.	.	.
1020	1AHW	VC198A	-0.31	1	0.11	266	.	.	.
1021	1AHW	NC199A	1.08	1	1.54	267	.	.	.
1022	1NCA	NH31Q	0	1	-1.59	621	.	.	.
1023	1NCA	EH96D	0.41	1	2.79	622	.	.	.
1024	1NCA	DH97K	0.71	1	3.73	623	.	.	.
1025	1NCA	NH98Q	0.54	1	-0.14	624	.	.	.
1026	1KIQ	FB101Y	-2.49	1	-1.82	474	.	.	.
1027	1KIP	AB32Y	-0.8	1	0.34	475	.	.	.
1028	1KIR	SA50Y	-1.39	1	-1	476	.	.	.
1029	1DQJ	YC20A	3.29	1	2.14	1055	.	.	.
1030	1DQJ	RC21A	1.17	1	-0.25	1056	.	.	.
1031	1DQJ	WC63A	1.35	1	0.74	1057	.	.	.
1032	1DQJ	KC97A	3.52	1	0.99	1058	.	.	.
1033	1DQJ	DC101A	1.45	1	4.28	1059	.	.	.
1034	1DQJ	WC62A	0.76	1	-0.05	1062	.	.	.
1035	1DQJ	LC75A	1.45	1	1.78	1064	.	.	.
1036	1DQJ	TC89A	0.84	1	0.15	1065	.	.	.
1037	1DQJ	NC93A	0.65	1	1.57	1066	.	.	.
1038	1DQJ	KC96A	6.16	1	2.02	1067	.	.	.
1039	1DQJ	SC100A	0.78	1	-0.4	1069	.	.	.
1040	1DQJ	NA31A	2.01	1	0.03	1071	.	.	.
1041	1DQJ	NA32A	4.09	1	0.68	1072	.	.	.
1042	1DQJ	YA50A	2.68	1	0.52	1073	.	.	.
1043	1DQJ	SA91A	1.43	1	-0.05	1074	.	.	.
1044	1DQJ	YA96A	1.14	1	-0.37	1075	.	.	.
1045	1DQJ	DB32A	2.01	1	0.99	1076	.	.	.
1046	1DQJ	YB33A	5.52	1	3.3	1077	.	.	.
1047	1DQJ	YB50A	6.89	1	2.01	1078	.	.	.
1048	1DQJ	YB53A	1.18	1	1.89	1079	.	.	.
1049	1DQJ	WB98A	4.93	1	1.88	1080	.	.	.
1050	1DQJ	NA32A, KC96A	5.8	2	-0.41	1081	.	.	.
1051	1DQJ	SA91A, RC21A	3.17	2	0.72	1082	.	.	.
1052	1DQJ	SA91A, YC20A	3.57	2	1.69	1083	.	.	.
1053	1DQJ	YA96A, RC21A	3.49	2	0.71	1084	.	.	.
1054	1DQJ	YA96A, SC100A	0.91	2	-0.22	1085	.	.	.
1055	1DQJ	DB32A, KC97A	1.12	2	0.8	1086	.	.	.
1056	1DQJ	YB53A, WC62A	1.29	2	1.95	1087	.	.	.
1057	1DQJ	YB53A, WC63A	2.2	2	2.9	1088	.	.	.
1058	1DQJ	YB53A, LC75A	1.22	2	3.22	1089	.	.	.
1059	1DQJ	YB53A, DC101A	2.73	2	5.46	1090	.	.	.
1060	1DQJ	WB98A, SC100A	5.36	2	1.38	1091	.	.	.
1061	1DQJ	WB98A, KC97A	6.66	2	2.73	1092	.	.	.
1062	1DQJ	WB98A, YC20A	5.11	2	3.53	1093	.	.	.
1063	1LFD	RA20A	1.14	1	0.08	648	.	.	.
1064	1LFD	SA22K	-0.12	1	0.45	649	.	.	.
1065	1LFD	LA23K	-0.02	1	-0.4	650	.	.	.
1066	1LFD	NA27K	0.4	1	0.41	651	.	.	.
1067	1LFD	MA30K	-0.92	1	1.2	652	.	.	.
1068	1LFD	KA32A	1.33	1	2.23	653	.	.	.
1069	1LFD	KA48A	0.26	1	0.1	654	.	.	.
1070	1LFD	DA51A	-0.58	1	0.03	655	.	.	.
1071	1LFD	DA51K	-1.09	1	-0.07	656	.	.	.
1072	1LFD	KA52A	1.18	1	0.15	657	.	.	.
1073	1LFD	NA54K	-1.17	1	1.44	658	.	.	.
1074	1LFD	LA55K	-0.57	1	-0.2	659	.	.	.
1075	1LFD	DA56A	-0.28	1	-0.08	660	.	.	.
1076	1LFD	EA57A	-0.25	1	-0.33	661	.	.	.
1077	1LFD	EA57K	-0.28	1	-0.16	662	.	.	.
1078	1LFD	DA58K	-0.91	1	-0.34	663	.	.	.
1079	1LFD	NA92K	-0.56	1	0.44	664	.	.	.
1080	1LFD	YA93K	0.08	1	0.09	665	.	.	.
1081	1LFD	DA94K	-1.15	1	0.37	666	.	.	.
1082	1LFD	MA30K, DA58K	-1.05	2	0.72	667	.	.	.
1083	1LFD	MA30K, DA94K	-0.91	2	-0.91	668	.	.	.
1084	1LFD	MA30K, DA51K, DA58K	-1.96	3	0.3	669	.	.	.
1085	1LFD	MA30K, DA51K, DA58K, DA94K	-1.76	4	0.07	670	.	.	.
1086	1LFD	DA51K, DA56K, EA57K	-1.56	3	-0.79	671	.	.	.
1087	1LFD	DA58K, DA94K	-0.6	2	-0.34	672	.	.	.
1088	1HE8	KA223V	0.47	1	-0.4	924	.	.	.
1089	1HE8	KA223V, RA226A	1.87	2	1.92	925	.	.	.
1090	1HE8	KA223V, KA234A	1.5	2	2.2	926	.	.	.
1091	1HE8	KA223V, DA238A	1.02	2	-1.49	927	.	.	.
1092	1HE8	KA223V, KA254A	1.93	2	0.43	928	.	.	.
1093	1HE8	KA223V, KA256A	1.65	2	1.38	929	.	.	.
1094	1HE8	KA223V, DA260A	0.93	2	0.18	930	.	.	.
1095	1HE8	KA223V, EA267K	-0.1	2	-1.09	931	.	.	.
1096	1HE8	KA223V, EA919A	0.45	2	-2.35	932	.	.	.
1097	1HE8	KA223V, EA919K	-0.45	2	-2.34	933	.	.	.
1098	2PCC	DA34A	-0.9	1	1.64	481	.	.	.
1099	2PCC	VA197A	2.1	1	1.22	482	.	.	.
1100	2PCC	EA290A	6.2	1	0.01	483	.	.	.
1101	2PCC	KB87A	0.9	1	-0.15	484	.	.	.
1102	2PCC	KB87A, DA34A	0.2	2	0.72	485	.	.	.
1103	2PCC	KB87A, VA197A	1.5	2	1.4	486	.	.	.
1104	2PCC	KB72A	0.3	1	-0.24	487	.	.	.
1105	2PCC	KB72A, VA197A	2.8	2	0.73	488	.	.	.
1106	2PCC	KB72A, EA290A	1.1	2	-0.34	489	.	.	.
1107	2PCC	AB81G	1.9	1	0.72	490	.	.	.
1108	2PCC	AB81G, DA34A	-0.1	2	1.16	491	.	.	.
1109	2PCC	AB81G, VA197A	2.1	2	1.43	492	.	.	.
1110	2PCB	EA291Q	-0.06	1	0.72	493	.	.	.
1111	2PCB	EA32Q	0.61	1	-0.2	494	.	.	.
1112	2PCB	EA35Q	0.68	1	0.17	495	.	.	.
1113	2PCB	AA193F	0.73	1	0.49	496	.	.	.
1114	2PCB	DA34N	0.82	1	-1.34	497	.	.	.
1115	2PCB	EA290N	0.87	1	-0.3	498	.	.	.
1116	1XD3	KB6A	1.38	1	0.76	597	.	.	.
1117	1XD3	KB27A	-0.06	1	-0.02	598	.	.	.
1118	1XD3	RB42L	-0.88	1	-0.08	599	.	.	.
1119	1XD3	RB54L	0.89	1	-1.22	600	.	.	.
1120	1XD3	HB68N	0	1	-0.73	601	.	.	.
1121	1XD3	RB72L	1.33	1	2.78	602	.	.	.
1122	1XD3	RB74L	2.43	1	2.78	603	.	.	.
1123	1XD3	EB24A	-0.25	1	0.14	604	.	.	.
1124	1XD3	DB39A	-0.42	1	0.06	605	.	.	.
1125	1XD3	EB51A	1.57	1	1.16	606	.	.	.
1126	1XD3	DB52A	-0.25	1	-0.17	607	.	.	.
1127	1XD3	DB58A	-0.25	1	0.21	608	.	.	.
1128	1XD3	KB6R	0.31	1	0.43	609	.	.	.
1129	1XD3	LB8A	2.74	1	1.85	610	.	.	.
1130	1XD3	KB11R	1.43	1	-1.45	611	.	.	.
1131	1XD3	KB27R	0.27	1	0.57	612	.	.	.
1132	1XD3	KB33R	0	1	0.38	613	.	.	.
1133	1XD3	IB44A	0.27	1	-0.07	614	.	.	.
1134	1S1Q	VA43A	0.66	1	2.56	615	.	.	.
1135	1S1Q	FA44A	0.2	1	-0.2	616	.	.	.
1136	1S1Q	NA45A	1.21	1	-0.54	617	.	.	.
1137	1S1Q	DA46A	0.95	1	-0.26	618	.	.	.
1138	1S1Q	WA75A	0.28	1	0.04	619	.	.	.
1139	1S1Q	FA88A	0.76	1	1.78	620	.	.	.
1140	2OOB	KA935E	-0.18	1	0.07	542	.	.	.
1141	2OOB	AA934S, KA935E	0.16	2	3.41	543	.	.	.
1142	2OOB	GA941S	0.24	1	0.01	544	.	.	.
1143	2OOB	IA955E, IA966E	0.28	2	-0.04	545	.	.	.
1144	1TM1	YI61A	2.18	1	1.67	15	.	.	.
1145	1TM1	YI61G	4.68	1	2.21	16	.	.	.
1146	1TM1	RI65A	3.08	1	0.91	17	.	.	.
1147	1TM1	RI67A	2.92	1	1.15	18	.	.	.
1148	1TM1	RI67C	3.23	1	1.1	19	.	.	.
1149	1TM1	RI67A, RI65A	5.05	2	2.09	20	.	.	.
1150	1TM1	TI58D	2.1	1	1.17	21	.	.	.
1151	1TM1	TI58A	2.57	1	-0.61	22	.	.	.
1152	1TM1	EI60A	2.92	1	2.44	23	.	.	.
1153	1TM1	TI58A, EI60A	3.39	2	2	24	.	.	.
1154	1TM1	TI58D, EI60A	0.75	2	0.33	25	.	.	.
1155	1TM1	VI70A	0.02	1	-0.02	26	.	.	.
1156	1TM1	TI58P	3.75	1	0.35	36	.	.	.
1157	1TM1	EI60S	2.75	1	2.36	38	.	.	.
1158	1TM1	EI60S, MI59R	3.55	2	3.61	39	.	.	.
1159	1TM1	RI62A	1.26	1	0.14	40	.	.	.
1160	1TM1	MI59G	2.23	1	2.74	49	.	.	.
1161	1TM1	MI59A	1.03	1	2.15	50	.	.	.
1162	1TM1	MI59K	1.09	1	-0.26	51	.	.	.
1163	1TM1	MI59Y	0.06	1	-0.9	52	.	.	.
1164	1TM1	MI59F	1.03	1	-0.24	53	.	.	.
1165	1ACB	LI45G	6.03	1	4.37	7	.	.	.
1166	1ACB	LI45S	4.95	1	3.28	8	.	.	.
1167	1ACB	LI45P	6.85	1	8.1	9	.	.	.
1168	1ACB	LI45I	4.23	1	0.77	10	.	.	.
1169	1ACB	LI45D	6.77	1	5.29	11	.	.	.
1170	1ACB	LI45E	6.55	1	3.04	12	.	.	.
1171	1CSE	LI45G	2.25	1	3.5	1	.	.	.
1172	1CSE	LI45S	1.17	1	2.97	2	.	.	.
1173	1CSE	LI45P	6.67	1	6.24	3	.	.	.
1174	1CSE	LI45I	2.94	1	2.16	4	.	.	.
1175	1CSE	LI45D	4.35	1	4.19	5	.	.	.
1176	1CSE	LI45E	2.35	1	2.81	6	.	.	.
1177	1F47	DA4A	0.69	1	1.19	1442	.	.	.
1178	1F47	YA5A	0.87	1	1.4	1443	.	.	.
1179	1F47	LA6A	0.93	1	1.41	1444	.	.	.
1180	1F47	DA7A	1.73	1	-0.25	1445	.	.	.
1181	1F47	IA8A	2.52	1	1.88	1446	.	.	.
1182	1F47	PA9A	-0.06	1	-0.11	1447	.	.	.
1183	1F47	FA11A	2.44	1	3.2	1448	.	.	.
1184	1F47	LA12A	2.29	1	1.24	1449	.	.	.
1185	1F47	KA14A	-0.04	1	-1.48	1450	.	.	.
1186	1F47	QA15A	-0.05	1	-0.25	1451	.	.	.
1187	1F47	DA7S	2.06	1	-1.15	1452	.	.	.
1188	1F47	DA7G	1.14	1	-0.23	1453	.	.	.
1189	2VLJ	DE32A	1.57	1	1.22	2704	.	.	.
1190	2VLJ	IE53V	0.2	1	1.65	2705	.	.	.
1191	2VLJ	IE53L	1.42	1	1.57	2706	.	.	.
1192	2VLJ	NE55A	1.13	1	-0.11	2707	.	.	.
1193	2VLJ	NE55D	0.5	1	-0.82	2708	.	.	.
1194	2VLJ	DE56A	0.13	1	0.4	2709	.	.	.
1195	2VLJ	QE58A	0.5	1	0.12	2710	.	.	.
1196	2VLJ	QE58E	0	1	-0.52	2711	.	.	.
1197	2VLJ	SE99A	-0.04	1	0.44	2712	.	.	.
1198	2VLJ	YE101A	0.23	1	1.25	2713	.	.	.
1199	2VLJ	YE101F	0.5	1	-0.75	2714	.	.	.
1200	2VLJ	SD31A	0.63	1	-0.76	2715	.	.	.
1201	2VLJ	SD32A	1.04	1	-0.26	2716	.	.	.
1202	2VLJ	QD34A	0.98	1	-0.43	2717	.	.	.
1203	1JCK	TB20A	1.65	1	1.26	209	.	.	.
1204	1JCK	YB26A	1.77	1	0.62	210	.	.	.
1205	1JCK	NB60A	1.64	1	-0.23	211	.	.	.
1206	1JCK	YB90A	2.59	1	2.24	212	.	.	.
1207	1JCK	VB91A	2.23	1	2.8	213	.	.	.
1208	1JCK	KB103A	0.68	1	-0.64	214	.	.	.
1209	1JCK	FB176A	2.13	1	1.23	215	.	.	.
1210	1UUZ	HA62Q	1.52	1	0.31	268	.	.	.
1211	1UUZ	HA62N	1.52	1	0.18	269	.	.	.
1212	1UUZ	HA62D	3.38	1	0.19	270	.	.	.
1213	1UUZ	HA62A	1.77	1	0.18	271	.	.	.
1214	1UUZ	CA64A	0.65	1	0	272	.	.	.
1215	2B42	HA374A	1.62	1	3.75	245	.	.	.
1216	2B42	HA374Q	1.06	1	2.78	246	.	.	.
1217	2B42	HA374K	2.54	1	4.25	247	.	.	.
1218	1E96	NA26H	1.09	1	-0.23	223	.	.	.
1219	1E96	IA33N	2.01	1	1.04	224	.	.	.
1220	1E96	DA38N	2.16	1	0.04	225	.	.	.
1221	1E96	MA45T	0.36	1	0	226	.	.	.
1222	1E96	KA132E	-0.19	1	0.01	227	.	.	.
1223	1E96	LA134R	-0.13	1	0	228	.	.	.
1224	1AK4	PD485A	2.45	1	0.28	229	.	.	.
1225	1AK4	VD486A	2.35	1	0.23	230	.	.	.
1226	1AK4	HD487A	2.37	1	-0.09	231	.	.	.
1227	1AK4	HD487Q	2.34	1	-1.53	232	.	.	.
1228	1AK4	HD487R	3.01	1	-0.84	233	.	.	.
1229	1AK4	AD488V	2.13	1	3.82	234	.	.	.
1230	1AK4	AD488G	4.02	1	1.01	235	.	.	.
1231	1AK4	GD489A	3.44	1	0.34	236	.	.	.
1232	1AK4	GD489V	4.39	1	8.48	237	.	.	.
1233	1AK4	PD490A	3.54	1	2.45	238	.	.	.
1234	1AK4	ID491A	1.6	1	1.31	239	.	.	.
1235	1AK4	ID491V	1.36	1	1.57	240	.	.	.
1236	1AK4	AD492G	1.94	1	1.73	241	.	.	.
1237	1AK4	AD492V	1.72	1	-0.41	242	.	.	.
1238	1AK4	PD493A	2.05	1	0.87	243	.	.	.
1239	2VLR	AE99S	0.04	1	-0.65	2703	.	.	.
1240	2J12	SA299A	0.95	1	0	2695	.	.	.
1241	2J1K	RC515A	0.05	1	0.67	2696	.	.	.
1242	2J1K	GC370D	0.18	1	1.13	2697	.	.	.
1243	2J1K	RC384A	0.76	1	2.24	2698	.	.	.
1244	1KAC	PA417S	-0.79	1	2.34	2699	.	.	.
1245	1KAC	SA489Y	-1.25	1	-1.8	2700	.	.	.
1246	1P69	SA417P	0	1	-0.67	2701	ZEMu computed this value wrongly.	12716886	Table I
1247	1P6A	YA489S	0	1	4.42	2702	ZEMu computed this value wrongly.	12716886	Table I
1248	2I9B	RE137A	-0.29	1	-0.85	252	.	.	.
1249	2I9B	KE139A	0.67	1	-0.4	253	.	.	.
1250	2I9B	RE142A	0.36	1	-0.06	254	.	.	.
1251	2I9B	HE143A	0.66	1	-0.14	255	.	.	.
1252	2I9B	RE145A	0.42	1	0.2	256	.	.	.
1253	2I26	AN30V	0.03	1	-0.85	248	.	.	.
1254	2I26	SN61R	-0.63	1	-0.4	249	.	.	.
