Pair	Wtpdb	MUTpdb	wt	Sites	mut	Tmp	ddGexp
BPTI-BCHYM	1cbw	--	T	11	11A	11_A	0.22
BPTI-BCHYM	1cbw	--	G	12	12A	12_A	0.68
BPTI-BCHYM	1cbw	--	P	13	13A	13_A	-0.06
BPTI-BCHYM	1cbw	--	K	15	15A	15_A	2.19
BPTI-BCHYM	1cbw	--	K	15	15D	15_D	5.22
BPTI-BCHYM	1cbw	1T7C	K	15	15E	15_E	3.87
BPTI-BCHYM	1cbw	1P2Q	K	15	15F	15_F	-1.96
BPTI-BCHYM	1cbw	1P2M	K	15	15G	15_G	4.11
BPTI-BCHYM	1cbw	1T8M	K	15	15H	15_H	0.1
BPTI-BCHYM	1cbw	--	K	15	15I	15_I	2.93
BPTI-BCHYM	1cbw	1P2N	K	15	15L	15_L	-1.58
BPTI-BCHYM	1cbw	1T8L	K	15	15M	15_M	-1.41
BPTI-BCHYM	1cbw	--	K	15	15N	15_N	1.32
BPTI-BCHYM	1cbw	--	K	15	15Q	15_Q	0.31
BPTI-BCHYM	1cbw	--	K	15	15R	15_R	-0.61
BPTI-BCHYM	1cbw	--	K	15	15S	15_S	3.39
BPTI-BCHYM	1cbw	1T8N	K	15	15T	15_T	2.09
BPTI-BCHYM	1cbw	1P2O	K	15	15V	15_V	2.14
BPTI-BCHYM	1cbw	1T8O	K	15	15W	15_W	-2.43
BPTI-BCHYM	1cbw	--	K	15	15Y	15_Y	-2.61
BPTI-BCHYM	1cbw	--	R	17	17A	17_A	0.55
BPTI-BCHYM	1cbw	--	I	18	18A	18_A	1.4
BPTI-BCHYM	1cbw	--	I	19	19A	19_A	0.14
BPTI-BCHYM	1cbw	--	R	20	20A	20_A	0.35
BPTI-BCHYM	1cbw	--	F	33	33A	33_A	0.14
BPTI-BCHYM	1cbw	--	V	34	34A	34_A	0.05
BPTI-BCHYM	1cbw	--	Y	35	35A	35_A	0.88
BPTI-BCHYM	1cbw	--	G	36	36A	36_A	0.95
BPTI-BCHYM	1cbw	--	G	37	37A	37_A	0.81
BPTI-BCHYM	1cbw	--	R	39	39A	39_A	0.22
BPTI-BCHYM	1cbw	--	K	46	46A	46_A	0.14
CHTP-OMTKY3	1cho	--	L	15	A	15_A	4.73
CHTP-OMTKY3	1cho	--	L	15	D	15_D	7.14
CHTP-OMTKY3	1cho	--	L	15	E	15_E	6.6
CHTP-OMTKY3	1cho	--	L	15	F	15_F	-1.49
CHTP-OMTKY3	1cho	--	L	15	G	15_G	6.04
CHTP-OMTKY3	1cho	--	L	15	H	15_H	2.98
CHTP-OMTKY3	1cho	--	L	15	I	15_I	4.44
CHTP-OMTKY3	1cho	--	L	15	K	15_K	4.43
CHTP-OMTKY3	1cho	--	L	15	M	15_M	0.38
CHTP-OMTKY3	1cho	--	L	15	N	15_N	3.33
CHTP-OMTKY3	1cho	--	L	15	P	15_P	8.74
CHTP-OMTKY3	1cho	--	L	15	Q	15_Q	2.93
CHTP-OMTKY3	1cho	--	L	15	R	15_R	3.97
CHTP-OMTKY3	1cho	--	L	15	S	15_S	4.94
CHTP-OMTKY3	1cho	--	L	15	T	15_T	4.45
CHTP-OMTKY3	1cho	--	L	15	V	15_V	4.24
CHTP-OMTKY3	1cho	--	L	15	W	15_W	-1.68
CHTP-OMTKY3	1cho	--	L	15	Y	15_Y	-2.2
D1.3-E5.2	1dvf		H	30	A	30_A	1.7
D1.3-E5.2	1dvf		Y	32	A	32_A	2
D1.3-E5.2	1dvf		Y,H	49363	A,A	49A363A	2.6
D1.3-E5.2	1dvf		Y,N	49385	--	49A385A	2
D1.3-E5.2	1dvf		Y	49	A	49_A	1.7
D1.3-E5.2	1dvf		Y	50	A	50_A	0.7
D1.3-E5.2	1dvf		W	92	A	92_A	0.3
D1.3-E5.2	1dvf		S	93	A	93_A	1.2
D1.3-E5.2	1dvf		T	137	A	137_A	0.9
D1.3-E5.2	1dvf		Y	139	A	139_A	1.8
D1.3-E5.2	1dvf		W	159	A	159_A	4.2
D1.3-E5.2	1dvf		W,N	159385	A,A	159A385A	4.2
D1.3-E5.2	1dvf		D,Q	161433	A,A	161A433A	4.5
D1.3-E5.2	1dvf		D	161	A	161_A	4.3
D1.3-E5.2	1dvf		N	163	A	163_A	1.2
D1.3-E5.2	1dvf		N,H	163363	A,A	163A363A	2.5
D1.3-E5.2	1dvf		N,N	163385	A,A	163A385A	2.3
D1.3-E5.2	1dvf		N,Q	163433	A,A	163A433A	1.5
D1.3-E5.2	1dvf		D	165	A	165_A	1.6
D1.3-E5.2	1dvf		D,Q	165433	A,A	165A433A	1.5
D1.3-E5.2	1dvf		E	205	A	205_A	4.2
D1.3-E5.2	1dvf		D,D	207382	A,A	207A363A	4.3
D1.3-E5.2	1dvf		D,H	207363	A,A	207A382A	4.1
D1.3-E5.2	1dvf		D,N	207385	A,A	207A385A	4.2
D1.3-E5.2	1dvf		D	207	A	207_A	2.8
D1.3-E5.2	1dvf		Y	208	F	208_F	2
D1.3-E5.2	1dvf		Y	272	A	272_A	1.9
D1.3-E5.2	1dvf		K	360	A	360_A	1
D1.3-E5.2	1dvf		H	363	A	363_A	1.9
D1.3-E5.2	1dvf		D	382	A	382_A	1.7
D1.3-E5.2	1dvf		I	430	A	430_A	2.7
D1.3-E5.2	1dvf		Y	431	A	431_A	4.7
E9-IM9	1emv		C	21	21A	21_A	0.92
E9-IM9	1emv	--	N	22	22A	22_A	0.14
E9-IM9	1emv	--	D	24	24A	24_A	0.34
E9-IM9	1emv	--	T	25	25A	25_A	0.73
E9-IM9	1emv	--	S	26	26A	26_A	0.17
E9-IM9	1emv	--	S	27	27A	27_A	0.96
E9-IM9	1emv	--	E	28	28A	28_A	1.41
E9-IM9	1emv	--	E	29	29A	29_A	0.31
E9-IM9	1emv	--	E	30	30A	30_A	0.22
E9-IM9	1emv	--	L	31	31A	31_A	3.42
E9-IM9	1emv	2GZI	V	32	32A	32_A	2.58
E9-IM9	1emv	--	K	33	33A	33_A	0.19
E9-IM9	1emv	--	L	34	34A	34_A	0.91
E9-IM9	1emv	--	V	35	35A	35_A	1.66
E9-IM9	1emv	--	T	36	36A	36_A	0.9
E9-IM9	1emv	1FR2	E	39	39A	39_A	2.08
E9-IM9	1emv	--	E	40	40A	40_A	0.66
E9-IM9	1emv	--	T	42	42A	42_A	0.3
E9-IM9	1emv		E	43	43A	43_A	0.21
E9-IM9	1emv	--	H	44	44A	44_A	0.83
E9-IM9	1emv	--	S	46	46A	46_A	0.01
E9-IM9	1emv	--	S	48	48A	48_A	2.19
E9-IM9	1emv	--	D	49	49A	49_A	5.92
E9-IM9	1emv	--	L	50	50A	50_A	0.5
E9-IM9	1emv	--	I	51	51A	51_A	0.85
E9-IM9	1emv	--	Y	52	52A	52_A	4.83
E9-IM9	1emv	--	Y	53	53A	53_A	4.63
E9-IM9	1emv	--	D	58	58A	58_A	0.51
E9-IM9	1emv	--	S	61	61A	61_A	0.87
E9-IM9	1emv	--	V	66	66A	66_A	1.86
E9-IM9	1emv	--	N	67	67A	67_A	0.28
FV-HEL	2dqj		Y	50	A	50_A	1.7
FV-HEL	2dqj		Y	50	F	50_F	0.8
FV-HEL	2dqj		S	91	A	91_A	0.5
FV-HEL	2dqj		S	93	A	93_A	0.1
FV-HEL	2dqj		Y	96	F	96_F	0.8
FV-HEL	2dqj		D	139	A	139_A	0.9
FV-HEL	2dqj		D	139	E	139_E	0.6
FV-HEL	2dqj		D	139	N	139_N	0.4
FV-HEL	2dqj		Y,Y	140160	A,A	140A160A	3.3
FV-HEL	2dqj		Y	140	F	140_F	1.1
FV-HEL	2dqj		Y	140	L	140_L	2.1
FV-HEL	2dqj		Y	140	W	140_W	1.8
FV-HEL	2dqj		Y	157	F	157_F	1.7
FV-HEL	2dqj		Y	157	L	157_L	2.9
FV-HEL	2dqj		Y,S,S,Y		A,E,A,F	160A161E163A165F	1.9
FV-HEL	2dqj		Y	160	A	160_A	0.2
FV-HEL	2dqj		Y,S,S,Y		E,T,K,F	160E161T163K165F	2.1
FV-HEL	2dqj		Y	160	F	160_F	0.7
FV-HEL	2dqj		Y	160	L	160_L	0.9
FV-HEL	2dqj		Y,S,Y		S,F,F	160S161F165F	1.2
FV-HEL	2dqj		Y	160	W	160_W	0.8
FV-HEL	2dqj		Y	165	A	165_A	1.7
FV-HEL	2dqj		Y	165	F	165_F	0.4
FV-HEL	2dqj		Y	165	L	165_L	1.6
FV-HEL	2dqj		W	283	G	283_G	1
FV-HEL	2dqj		D	322	G	322_G	-0.1
IGG1-HEWL	1vfb		H	30	A	30_A	0.8
IGG1-HEWL	1vfb		Y,D	32342	A,A	32A342A	1.2
IGG1-HEWL	1vfb		Y,I	32347	A,A	32A344A	2.9
IGG1-HEWL	1vfb		Y,Q	32344	A,A	32A347A	2.6
IGG1-HEWL	1vfb		Y	32	A	32_A	1.3
IGG1-HEWL	1vfb		Y	32	F	32_F	2.15
IGG1-HEWL	1vfb		Y	49	A	49_A	0.8
IGG1-HEWL	1vfb		Y,D	50241	A,A	50A241A	1.3
IGG1-HEWL	1vfb		Y	50	A	50_A	0.4
IGG1-HEWL	1vfb		Y	50	F	50_F	0.48
IGG1-HEWL	1vfb		T	53	A	53_A	-0.23
IGG1-HEWL	1vfb		W,I	92347	A,A	92A344A	3.8
IGG1-HEWL	1vfb		W,L	92352	A,A	92A347A	3.3
IGG1-HEWL	1vfb		W,Q	92344	A,A	92A348A	3.5
IGG1-HEWL	1vfb		W,R	92348	A,A	92A352A	3.4
IGG1-HEWL	1vfb		W	92	A	92_A	2.7
IGG1-HEWL	1vfb		S	93	A	93_A	0.3
IGG1-HEWL	1vfb		T	137	A	137_A	0.1
IGG1-HEWL	1vfb		Y,K	139339	A,A	139A339A	1.6
IGG1-HEWL	1vfb		Y	139	A	139_A	0.5
IGG1-HEWL	1vfb		Y	139	F	139_F	0.21
IGG1-HEWL	1vfb		W,D	159342	A,A	159A342A	2.2
IGG1-HEWL	1vfb		W	159	A	159_A	0.4
IGG1-HEWL	1vfb		D,T	161341	A,A	161A341A	1.2
IGG1-HEWL	1vfb		N	163	A	163_A	0.2
IGG1-HEWL	1vfb		D	165	A	165_A	-0.2
IGG1-HEWL	1vfb		E	205	A	205_A	1.1
IGG1-HEWL	1vfb		R	206	A	206_A	0.1
IGG1-HEWL	1vfb		D	207	A	207_A	3.1
IGG1-HEWL	1vfb		D,S	207247	A,A	207A247A	3.4
IGG1-HEWL	1vfb		D	207	N	207_N	3.72
IGG1-HEWL	1vfb		Y,D	208342	F,A	208F342A	2.7
IGG1-HEWL	1vfb		Y,V	208343	F,A	208F343A	2.5
IGG1-HEWL	1vfb		Y	208	F	208_F	1
IGG1-HEWL	1vfb		R	209	K	209_K	1.58
IGG1-HEWL	1vfb		R	209	M	209_M	3.23
IGG1-HEWL	1vfb		D	241	A	241_A	0.3
IGG1-HEWL	1vfb		N	242	A	242_A	0.3
IGG1-HEWL	1vfb		Y	246	A	246_A	0.4
IGG1-HEWL	1vfb		S	247	A	247_A	0.8
IGG1-HEWL	1vfb		K	339	A	339_A	0.7
IGG1-HEWL	1vfb		T	341	A	341_A	0.8
IGG1-HEWL	1vfb		D	342	A	342_A	1
IGG1-HEWL	1vfb		V	343	A	343_A	0.9
IGG1-HEWL	1vfb		Q	344	A	344_A	2.9
IGG1-HEWL	1vfb		I	347	A	347_A	1.2
IGG1-HEWL	1vfb		R	348	A	348_A	1.8
IGG1-HEWL	1vfb		L	352	A	352_A	0.2
IL4-IL4Ra	1iar	--	I	5	5A	5_A	1.19
IL4-IL4Ra	1iar	--	T	6	6A	6_A	-0.08
IL4-IL4Ra	1iar	--	Q	8	8A	8_A	0
IL4-IL4Ra	1iar	--	E	9	9Q	9_Q	3.12
IL4-IL4Ra	1iar		I	11	11A	11_A	0.07
IL4-IL4Ra	1iar	--	K	12	12S	12_S	-0.04
IL4-IL4Ra	1iar	--	T	13	13A	13_A	0.98
IL4-IL4Ra	1iar	--	N	15	15A	15_A	-0.04
IL4-IL4Ra	1iar	--	S	16	16A	16_A	-0.17
IL4-IL4Ra	1iar	--	E	19	19A	19_A	-0.32
IL4-IL4Ra	1iar	--	R	53	53Q	53_Q	0.84
IL4-IL4Ra	1iar	--	K	77	77A	77_A	0.16
IL4-IL4Ra	1iar	--	Q	78	78A	78_A	0.13
IL4-IL4Ra	1iar	--	R	81	81A	81_A	0.48
IL4-IL4Ra	1iar	--	F	82	82A	82_A	-0.08
IL4-IL4Ra	1iar	--	K	84	84A	84_A	0.35
IL4-IL4Ra	1iar	--	R	85	85A	85_A	0.43
IL4-IL4Ra	1iar	--	R	88	88A	88_A	
IL4-IL4Ra	1iar	--	R	88	88Q	88_Q	2.83
IL4-IL4Ra	1iar	--	N	89	89A	89_A	1.58
IL4-IL4Ra	1iar	--	W	91	91A	91_A	0.73
IL4-IL4Ra	1iar	--	Y	142	142A	142_A	5.22
IL4-IL4Ra	1iar	--	Y	142	142F	142_F	1.91
IL4-IL4Ra	1iar	--	M	143	143A	143_A	0.17
IL4-IL4Ra	1iar	--	S	144	144A	144_A	0.04
IL4-IL4Ra	1iar	--	L	168	168A	168_A	2.77
IL4-IL4Ra	1iar	--	F	170	170A	170_A	2.26
IL4-IL4Ra	1iar	--	L	171	171A	171_A	0
IL4-IL4Ra	1iar	--	L	172	172A	172_A	0.33
IL4-IL4Ra	1iar	--	D	195	195A	195_A	0.73
IL4-IL4Ra	1iar	--	D	196	196A	196_A	2.36
IL4-IL4Ra	1iar	--	V	197	197A	197_A	0.84
IL4-IL4Ra	1iar	--	V	198	198A	198_A	2.1
IL4-IL4Ra	1iar	--	S	199	199A	199_A	-0.24
IL4-IL4Ra	1iar	--	D	201	201A	201_A	4.35
IL4-IL4Ra	1iar	--	N	202	202A	202_A	0.28
IL4-IL4Ra	1iar	--	Y	203	203A	203_A	2.73
IL4-IL4Ra	1iar	--	K	220	220A	220_A	0.53
IL4-IL4Ra	1iar	--	P	221	221A	221_A	1.44
IL4-IL4Ra	1iar	--	S	222	222A	222_A	-0.18
IL4-IL4Ra	1iar	--	E	223	223A	223_A	0
IL4-IL4Ra	1iar	--	D	250	250A	250_A	0.8
IL4-IL4Ra	1iar	--	N	251	251A	251_A	0.68
IL4-IL4Ra	1iar	--	Y	252	252A	252_A	2.17
IL4-IL4Ra	1iar	--	Y	252	252F	252_F	-0.18
IL4-IL4Ra	1iar	--	L	253	253A	253_A	1.11
IL4-IL4Ra	1iar	--	Y	254	254A	254_A	0.28
IL4-IL4Ra	1iar	--	Y	303	303A	303_A	3.68
IL4-IL4Ra	1iar	--	Y	303	303F	303_F	3.16
Rnase-Ang	1a4y	--	R,Y,D	R5AY557AD558A	--	5A557A558A	10.1
Rnase-Ang	1a4y	--	R,Y,R	R5AY557AR580A	--	5A557A580A	8.5
Rnase-Ang	1a4y	--	R,D	R5AD558A	--	5A557A	6.7
Rnase-Ang	1a4y	--	R,Y	R5AY557A	--	5A558A	7
Rnase-Ang	1a4y		R	R5A	--	5_A	2.3
Rnase-Ang	1a4y		H	H8A	--	8_A	0.9
Rnase-Ang	1a4y		Q	Q12A	--	12_A	0.3
Rnase-Ang	1a4y		H	H13A	--	13_A	-0.3
Rnase-Ang	1a4y		R	R31A	--	31_A	0.2
Rnase-Ang	1a4y		R	R32A	--	32_A	0.9
Rnase-Ang	1a4y		R	R33A	--	33_A	0.3
Rnase-Ang	1a4y		R	R66A	--	66_A	0.2
Rnase-Ang	1a4y		N	N68A	--	68_A	0.2
Rnase-Ang	1a4y		R	R70A	--	70_A	-0.2
Rnase-Ang	1a4y		H	H84A	--	84_A	0.2
Rnase-Ang	1a4y		W	W89A	--	89_A	0.2
Rnase-Ang	1a4y		E	E108A	--	108_A	-0.3
Rnase-Ang	1a4y		H	H114A	--	114_A	0.65
Rnase-Ang	1a4y		W,W,W	W384A/W386A/W441A		384A386A441A	5.2
Rnase-Ang	1a4y		W	W384A		384_A	0.1
Rnase-Ang	1a4y		W	W386A		386_A	1.2
Rnase-Ang	1a4y		E	E410A		410_A	0.1
Rnase-Ang	1a4y		S	S412A		412_A	0
Rnase-Ang	1a4y		W	W441A		441_A	1.5
Rnase-Ang	1a4y		K	K443A		443_A	-0.3
Rnase-Ang	1a4y		E	E467A		467_A	0.2
Rnase-Ang	1a4y		W	W498A		498_A	1
Rnase-Ang	1a4y		E	E524A		524_A	0.9
Rnase-Ang	1a4y		Q,V	Q553A/V555A		553A555A	0.1
Rnase-Ang	1a4y		Y	Y557A		557_A	3.3
Rnase-Ang	1a4y		Y,D	Y557A/D558A		557A558A	6.8
Rnase-Ang	1a4y		Y,Y	Y557A/Y560A		557A560A	6.6
Rnase-Ang	1a4y		Y,R	Y557A/580A		557A580A	7
Rnase-Ang	1a4y		Y	Y557F		557_F	0.6
Rnase-Ang	1a4y		D	D558A		558_A	3.5
Rnase-Ang	1a4y		Y	Y560A		560_A	0.8
Rnase-Ang	1a4y		Y	Y560F		560_F	0.2
Rnase-Ang	1a4y		W,S,E	W561A/S562A/E563A		561A562A563A	1.8
Rnase-Ang	1a4y		R	R580A		580_A	-0.2
Rnase-Ang	1a4y		I	I582A		582_A	0.7
TEM1-BLIP	1s1w	--		--	79A337A	79A337A	1.6
TEM1-BLIP	1s1w	--		--	79A337A405A	79A337A405A	3.1
TEM1-BLIP	1s1w	--		--	79A337A405A406A	79A337A405A406A	2.4
TEM1-BLIP	1s1w	--		--	79A337A406A	79A337A406A	1
TEM1-BLIP	1s1w	--		--	79A405A406A	79A405A406A	2.9
TEM1-BLIP	1s1w	--		--	79A405A	79A405A	2.7
TEM1-BLIP	1s1w	--		--	79A406A	79A406A	1.9
TEM1-BLIP	1s1w	--	E	--	79A	79_A	1.6
TEM1-BLIP	1s1w	--		--	79A80A	79A80A	1
TEM1-BLIP	1s1w	--		--	79A80A337A	79A80A337A	1.4
TEM1-BLIP	1s1w	--		--	79A80A337A405A	79A80A337A405A	3.1
TEM1-BLIP	1s1w	--		--	79A80A337A40A5406A	79A80A337A405A406A	2.4
TEM1-BLIP	1s1w	--		--	79A80A337A406A	79A80A337A406A	1.8
TEM1-BLIP	1s1w	--		--	79A80A405A406A	79A80A405A406A	2.8
TEM1-BLIP	1s1w	--		--	79A80A405A	79A80A405A	1.5
TEM1-BLIP	1s1w	--		--	79A80A406A	79A80A406A	2.1
TEM1-BLIP	1s1w	--		--	80A337A405A	80A337A405A	4.8
TEM1-BLIP	1s1w	--		--	80A337A405A406A	80A337A405A406A	4.2
TEM1-BLIP	1s1w	--		--	80A337A406A	80A337A406A	3.4
TEM1-BLIP	1s1w	--		--	80A337A	80A337A	3.3
TEM1-BLIP	1s1w	--		--	80A405A406A	80A405A406A	3
TEM1-BLIP	1s1w	--		--	80A405A	80A405A	0.7
TEM1-BLIP	1s1w	--		--	80A406A	80A406A	1.1
TEM1-BLIP	1s1w	--	Y	--	80A	80_A	-0.2
TEM1-BLIP	1s1w	--	S	--	105A	105_A	0.8
TEM1-BLIP	1s1w	--		--	105A209A210A218A	105A209A210A218A	2.8
TEM1-BLIP	1s1w	--			105A209A210A218A312A	105A209A210A218A312A	1.7
TEM1-BLIP	1s1w	--		--	105A209A210A218A337A	105A209A210A218A337A	5.5
TEM1-BLIP	1s1w	--		--	105A209A210A218A337A405A	105A209A210A218A337A405A	5.7
TEM1-BLIP	1s1w	--			105A209A210A218A337A405A406A	105A209A210A218A337A405A406A	5.5
TEM1-BLIP	1s1w	--		--	105A209A210A218A337A406A	105A209A210A218A337A406A	6.6
TEM1-BLIP	1s1w	--		--	105A209A210A218A405A	105A209A210A218A405A	4.3
TEM1-BLIP	1s1w	--		--	105A209A210A218A405A406A	105A209A210A218A405A406A	4.9
TEM1-BLIP	1s1w	--		--	105A209A210A218A406A	105A209A210A218A406A	3.7
TEM1-BLIP	1s1w	--		--	105A209A210A312A	105A209A210A312A	0.6
TEM1-BLIP	1s1w	--		--	105A209A210A	105A209A210A	1.9
TEM1-BLIP	1s1w	--		--	105A209A218A	105A209A218A	2.5
TEM1-BLIP	1s1w	--		--	105A209A218A312A	105A209A218A312A	1.5
TEM1-BLIP	1s1w	--		--	105A209A312A	105A209A312A	1.3
TEM1-BLIP	1s1w	--		--	105A209A	105A209A	2
TEM1-BLIP	1s1w	--		--	105A210A	105A210A	1.2
TEM1-BLIP	1s1w	--		--	105A210A218A312A	105A210A218A312A	0.9
TEM1-BLIP	1s1w	--		--	105A210A218A337A	105A210A218A337A	5
TEM1-BLIP	1s1w	--		--	105A210A218A337A405A	105A210A218A337A405A	5.8
TEM1-BLIP	1s1w	--		--	105A210A218A337A405A406A	105A210A218A337A405A406A	5.6
TEM1-BLIP	1s1w	--		--	105A210A218A337A406A	105A210A218A337A406A	4.4
TEM1-BLIP	1s1w	--		--	105A210A218A405A406A	105A210A218A405A406A	4.8
TEM1-BLIP	1s1w	--		--	105A210A218A405A	105A210A218A405A	3.5
TEM1-BLIP	1s1w	--		--	105A210A218A406A	105A210A218A406A	2.7
TEM1-BLIP	1s1w	--		--	105A210A218A	105A210A218A	1.7
TEM1-BLIP	1s1w	--		--	105A210A312A	105A210A312A	1.1
TEM1-BLIP	1s1w	--		--	105A218A312A	105A218A312A	1.3
TEM1-BLIP	1s1w	--		--	105A218A	105A218A	1.8
TEM1-BLIP	1s1w	--		--	105A312A	105A312A	1.4
TEM1-BLIP	1s1w	--		--	105A337A405A406A	105A337A405A406A	5.1
TEM1-BLIP	1s1w	--		--	105A337A405A	105A337A405A	5.2
TEM1-BLIP	1s1w	--		--	105A337A406A	105A337A406A	3.7
TEM1-BLIP	1s1w	--		--	105A337A	105A337A	3.2
TEM1-BLIP	1s1w	--		--	105A405A	105A405A	2.8
TEM1-BLIP	1s1w	--		--	105A405A406A	105A405A406A	4.2
TEM1-BLIP	1s1w	--		--	105A406A	105A406A	1.8
TEM1-BLIP	1s1w	--		--	209A210A218A	209A210A218A	2.8
TEM1-BLIP	1s1w	--		--	209A210A218A312A	209A210A218A312A	2
TEM1-BLIP	1s1w	--		--	209A210A312A	209A210A312A	1.5
TEM1-BLIP	1s1w	--		--	209A210A	209A210A	2.1
TEM1-BLIP	1s1w	--		--	209A218A	209A218A	2.7
TEM1-BLIP	1s1w	--		--	209A218A312A	209A218A312A	1.9
TEM1-BLIP	1s1w	--		--	209A312A	209A312A	1.6
TEM1-BLIP	1s1w	--		--	209A337A405A	209A337A405A	5.8
TEM1-BLIP	1s1w	--		--	209A337A405A406A	209A337A405A406A	5.5
TEM1-BLIP	1s1w	--		--	209A337A406A	209A337A406A	4.9
TEM1-BLIP	1s1w	--		--	209A337A	209A337A	6.5
TEM1-BLIP	1s1w	--		--	209A405A406A	209A405A406A	4.7
TEM1-BLIP	1s1w	--		--	209A405A	209A405A	3.4
TEM1-BLIP	1s1w	--		--	209A406A	209A406A	2.6
TEM1-BLIP	1s1w	--	K	--	209A	209_A	1.4
TEM1-BLIP	1s1w	--	S	--	210A	210_A	1.3
TEM1-BLIP	1s1w	--		--	210A218A312A	210A218A312A	0.4
TEM1-BLIP	1s1w	--		--	210A218A	210A218A	0.7
TEM1-BLIP	1s1w	--		--	210A312A	210A312A	1.6
TEM1-BLIP	1s1w	--		--	218A312A	218A312A	1.1
TEM1-BLIP	1s1w	--		--	218A337A	218A337A	6.6
TEM1-BLIP	1s1w	--		--	218A337A405A	218A337A405A	5.5
TEM1-BLIP	1s1w	--		--	218A337A405A406A	218A337A405A406A	5.3
TEM1-BLIP	1s1w	--		--	218A337A406A	218A337A406A	4.4
TEM1-BLIP	1s1w	--		--	218A405A406A	218A405A406A	4.5
TEM1-BLIP	1s1w	--		--	218A405A	218A405A	3.4
TEM1-BLIP	1s1w	--		--	218A406A	218A406A	2.3
TEM1-BLIP	1s1w	--	R	--	218A	218_A	1.4
TEM1-BLIP	1s1w	--	T	--	295K	295_K	0.2
TEM1-BLIP	1s1w	--	D	--	312A	312_A	1.8
TEM1-BLIP	1s1w	--		--	337A405A406A	337A405A406A	3.9
TEM1-BLIP	1s1w	--		--	337A405A	337A405A	4.8
TEM1-BLIP	1s1w	--		--	337A406A	337A406A	3
TEM1-BLIP	1s1w	--	K	--	337A	337_A	3.6
TEM1-BLIP	1s1w	--	N	--	352K	352_K	-0.46
TEM1-BLIP	1s1w	--		--	352K398K426K428K	352K398K426K428K	-3.38
TEM1-BLIP	1s1w	--		--	352K426A428K	352K426A428K	-2.41
TEM1-BLIP	1s1w	--	V	--	356K	356_K	-0.48
TEM1-BLIP	1s1w	--	T	--	403K	403_K	-0.01
TEM1-BLIP	1s1w	--		--	403K420K	403K420K	-0.4
TEM1-BLIP	1s1w	1S0W	F	--	405A	405_A	2.1
TEM1-BLIP	1s1w	--		--	405A406A	405A406A	2.8
TEM1-BLIP	1s1w	--	Y	--	406A	406_A	0.4
TEM1-BLIP	1s1w	--	D	--	426A	426_A	-1.35
TEM1-BLIP	1s1w	--	D	--	426K	426_K	-1.99
