Interface	Structure	Mutant	Chains	Mutations	ddGexp
BPTI-BCHYM	1CBW		D	D-T11A	0.220000
BPTI-BCHYM	1CBW		D	D-G12A	0.680000
BPTI-BCHYM	1CBW		D	D-P13A	-0.060000
BPTI-BCHYM	1CBW		D	D-K15A	2.190000
BPTI-BCHYM	1CBW		D	D-K15D	5.220000
BPTI-BCHYM	1CBW	1T7C	D	D-K15E	3.870000
BPTI-BCHYM	1CBW	1P2Q	D	D-K15F	-1.960000
BPTI-BCHYM	1CBW	1P2M	D	D-K15G	4.110000
BPTI-BCHYM	1CBW	1T8M	D	D-K15H	0.100000
BPTI-BCHYM	1CBW		D	D-K15I	2.930000
BPTI-BCHYM	1CBW	1P2N	D	D-K15L	-1.580000
BPTI-BCHYM	1CBW	1T8L	D	D-K15M	-1.410000
BPTI-BCHYM	1CBW		D	D-K15N	1.320000
BPTI-BCHYM	1CBW		D	D-K15Q	0.310000
BPTI-BCHYM	1CBW		D	D-K15R	-0.610000
BPTI-BCHYM	1CBW		D	D-K15S	3.390000
BPTI-BCHYM	1CBW	1T8N	D	D-K15T	2.090000
BPTI-BCHYM	1CBW	1P2O	D	D-K15V	2.140000
BPTI-BCHYM	1CBW	1T8O	D	D-K15W	-2.430000
BPTI-BCHYM	1CBW		D	D-K15Y	-2.610000
BPTI-BCHYM	1CBW		D	D-R17A	0.550000
BPTI-BCHYM	1CBW		D	D-I18A	1.400000
BPTI-BCHYM	1CBW		D	D-I19A	0.140000
BPTI-BCHYM	1CBW		D	D-R20A	0.350000
BPTI-BCHYM	1CBW		D	D-F33A	0.140000
BPTI-BCHYM	1CBW		D	D-V34A	0.050000
BPTI-BCHYM	1CBW		D	D-Y35A	0.880000
BPTI-BCHYM	1CBW		D	D-G36A	0.950000
BPTI-BCHYM	1CBW		D	D-G37A	0.810000
BPTI-BCHYM	1CBW		D	D-R39A	0.220000
BPTI-BCHYM	1CBW		D	D-K46A	0.140000
CHTP-OMTKY3	1CHO		G	G-L163A	4.730000
CHTP-OMTKY3	1CHO		G	G-L163D	7.140000
CHTP-OMTKY3	1CHO		G	G-L163E	6.600000
CHTP-OMTKY3	1CHO		G	G-L163F	-1.490000
CHTP-OMTKY3	1CHO		G	G-L163G	6.040000
CHTP-OMTKY3	1CHO		G	G-L163H	2.980000
CHTP-OMTKY3	1CHO		G	G-L163I	4.440000
CHTP-OMTKY3	1CHO		G	G-L163K	4.430000
CHTP-OMTKY3	1CHO		G	G-L163M	0.380000
CHTP-OMTKY3	1CHO		G	G-L163N	3.330000
CHTP-OMTKY3	1CHO		G	G-L163P	8.740000
CHTP-OMTKY3	1CHO		G	G-L163Q	2.930000
CHTP-OMTKY3	1CHO		G	G-L163R	3.970000
CHTP-OMTKY3	1CHO		G	G-L163S	4.940000
CHTP-OMTKY3	1CHO		G	G-L163T	4.450000
CHTP-OMTKY3	1CHO		G	G-L163V	4.240000
CHTP-OMTKY3	1CHO		G	G-L163W	-1.680000
CHTP-OMTKY3	1CHO		G	G-L163Y	-2.200000
D1.3-E5.2	1DVF		A,B,C,D	A-H30A	1.700000
D1.3-E5.2	1DVF		A,B,C,D	A-Y32A	2.000000
D1.3-E5.2	1DVF		A,B,C,D	A-Y49A,D-H33A	2.600000
D1.3-E5.2	1DVF		A,B,C,D	A-Y49A,D-N54A	2.000000
D1.3-E5.2	1DVF		A,B,C,D	A-Y49A	1.700000
D1.3-E5.2	1DVF		A,B,C,D	A-Y50A	0.700000
D1.3-E5.2	1DVF		A,B,C,D	A-W92A	0.300000
D1.3-E5.2	1DVF		A,B,C,D	A-S93A	1.200000
D1.3-E5.2	1DVF		A,B,C,D	B-T30A	0.900000
D1.3-E5.2	1DVF		A,B,C,D	B-Y32A	1.800000
D1.3-E5.2	1DVF		A,B,C,D	B-W52A	4.200000
D1.3-E5.2	1DVF		A,B,C,D	B-W52A,D-N54A	4.200000
D1.3-E5.2	1DVF		A,B,C,D	B-D54A,D-Q100A	4.500000
D1.3-E5.2	1DVF		A,B,C,D	B-D54A	4.300000
D1.3-E5.2	1DVF		A,B,C,D	B-N56A	1.200000
D1.3-E5.2	1DVF		A,B,C,D	B-N56A,D-H33A	2.500000
D1.3-E5.2	1DVF		A,B,C,D	B-N56A,D-N54A	2.300000
D1.3-E5.2	1DVF		A,B,C,D	B-N56A,D-Q100A	1.500000
D1.3-E5.2	1DVF		A,B,C,D	B-D58A	1.600000
D1.3-E5.2	1DVF		A,B,C,D	B-D58A,D-Q100A	1.500000
D1.3-E5.2	1DVF		A,B,C,D	B-E98A	4.200000
D1.3-E5.2	1DVF		A,B,C,D	B-D100A,D-H33A	4.300000
D1.3-E5.2	1DVF		A,B,C,D	B-D100A,D-D52A	4.100000
D1.3-E5.2	1DVF		A,B,C,D	B-D100A,D-N54A	4.200000
D1.3-E5.2	1DVF		A,B,C,D	B-D100A	2.800000
D1.3-E5.2	1DVF		A,B,C,D	B-Y101F	2.000000
D1.3-E5.2	1DVF		A,B,C,D	C-Y49A	1.900000
D1.3-E5.2	1DVF		A,B,C,D	D-K30A	1.000000
D1.3-E5.2	1DVF		A,B,C,D	D-H33A	1.900000
D1.3-E5.2	1DVF		A,B,C,D	D-D52A	1.700000
D1.3-E5.2	1DVF		A,B,C,D	D-I97A	2.700000
D1.3-E5.2	1DVF		A,B,C,D	D-Y98A	4.700000
E9-IM9	1EMV		A	A-C23A	0.920000
E9-IM9	1EMV		A	A-N24A	0.140000
E9-IM9	1EMV		A	A-D26A	0.340000
E9-IM9	1EMV		A	A-T27A	0.730000
E9-IM9	1EMV		A	A-S28A	0.170000
E9-IM9	1EMV		A	A-S29A	0.960000
E9-IM9	1EMV		A	A-E30A	1.410000
E9-IM9	1EMV		A	A-E31A	0.310000
E9-IM9	1EMV		A	A-E32A	0.220000
E9-IM9	1EMV		A	A-L33A	3.420000
E9-IM9	1EMV	2GZI	A	A-V34A	2.580000
E9-IM9	1EMV		A	A-K35A	0.190000
E9-IM9	1EMV		A	A-L36A	0.910000
E9-IM9	1EMV		A	A-V37A	1.660000
E9-IM9	1EMV		A	A-T38A	0.900000
E9-IM9	1EMV	1FR2	A	A-E41A	2.080000
E9-IM9	1EMV		A	A-E42A	0.660000
E9-IM9	1EMV		A	A-T44A	0.300000
E9-IM9	1EMV		A	A-E45A	0.210000
E9-IM9	1EMV		A	A-H46A	0.830000
E9-IM9	1EMV		A	A-S48A	0.010000
E9-IM9	1EMV		A	A-S50A	2.190000
E9-IM9	1EMV		A	A-D51A	5.920000
E9-IM9	1EMV		A	A-L52A	0.500000
E9-IM9	1EMV		A	A-I53A	0.850000
E9-IM9	1EMV		A	A-Y54A	4.830000
E9-IM9	1EMV		A	A-Y55A	4.630000
E9-IM9	1EMV		A	A-D60A	0.510000
E9-IM9	1EMV		A	A-S63A	0.870000
E9-IM9	1EMV		A	A-V68A	1.860000
E9-IM9	1EMV		A	A-N69A	0.280000
FV-HEL	2DQJ		L,H,Y	L-Y50A	1.700000
FV-HEL	2DQJ		L,H,Y	L-Y50F	0.800000
FV-HEL	2DQJ		L,H,Y	L-S91A	0.500000
FV-HEL	2DQJ		L,H,Y	L-S93A	0.100000
FV-HEL	2DQJ		L,H,Y	L-Y96F	0.800000
FV-HEL	2DQJ		L,H,Y	H-D32A	0.900000
FV-HEL	2DQJ		L,H,Y	H-D32E	0.600000
FV-HEL	2DQJ		L,H,Y	H-D32N	0.400000
FV-HEL	2DQJ		L,H,Y	H-Y33A,H-Y53A	3.300000
FV-HEL	2DQJ		L,H,Y	H-Y33F	1.100000
FV-HEL	2DQJ		L,H,Y	H-Y33L	2.100000
FV-HEL	2DQJ		L,H,Y	H-Y33W	1.800000
FV-HEL	2DQJ		L,H,Y	H-Y50F	1.700000
FV-HEL	2DQJ		L,H,Y	H-Y50L	2.900000
FV-HEL	2DQJ		L,H,Y	H-Y53A,H-S54E,H-S56A,H-Y58F	1.900000
FV-HEL	2DQJ		L,H,Y	H-Y53A	0.200000
FV-HEL	2DQJ		L,H,Y	H-Y53E,H-S54T,H-S56K,H-Y58F	2.100000
FV-HEL	2DQJ		L,H,Y	H-Y53F	0.700000
FV-HEL	2DQJ		L,H,Y	H-Y53L	0.900000
FV-HEL	2DQJ		L,H,Y	H-Y53S,H-S54F,H-Y58F	1.200000
FV-HEL	2DQJ		L,H,Y	H-Y53W	0.800000
FV-HEL	2DQJ		L,H,Y	H-Y58A	1.700000
FV-HEL	2DQJ		L,H,Y	H-Y58F	0.400000
FV-HEL	2DQJ		L,H,Y	H-Y58L	1.600000
FV-HEL	2DQJ		L,H,Y	Y-W62G	1.000000
FV-HEL	2DQJ		L,H,Y	Y-D101G	-0.100000
IGG1-HEWL	1VFB		A,B,C	A-H30A	0.800000
IGG1-HEWL	1VFB		A,B,C	A-Y32A,C-D119A	1.200000
IGG1-HEWL	1VFB		A,B,C	A-Y32A,C-I124A	2.900000
IGG1-HEWL	1VFB		A,B,C	A-Y32A,C-Q121A	2.600000
IGG1-HEWL	1VFB		A,B,C	A-Y32A	1.300000
IGG1-HEWL	1VFB		A,B,C	A-Y32F	2.150000
IGG1-HEWL	1VFB		A,B,C	A-Y49A	0.800000
IGG1-HEWL	1VFB		A,B,C	A-Y50A,C-D18A	1.300000
IGG1-HEWL	1VFB		A,B,C	A-Y50A	0.400000
IGG1-HEWL	1VFB		A,B,C	A-Y50F	0.480000
IGG1-HEWL	1VFB		A,B,C	A-T53A	-0.230000
IGG1-HEWL	1VFB		A,B,C	A-W92A,C-I124A	3.800000
IGG1-HEWL	1VFB		A,B,C	A-W92A,C-L129A	3.300000
IGG1-HEWL	1VFB		A,B,C	A-W92A,C-Q121A	3.500000
IGG1-HEWL	1VFB		A,B,C	A-W92A,C-R125A	3.400000
IGG1-HEWL	1VFB		A,B,C	A-W92A	2.700000
IGG1-HEWL	1VFB		A,B,C	A-S93A	0.300000
IGG1-HEWL	1VFB		A,B,C	B-T30A	0.100000
IGG1-HEWL	1VFB		A,B,C	B-Y32A,C-K116A	1.600000
IGG1-HEWL	1VFB		A,B,C	B-Y32A	0.500000
IGG1-HEWL	1VFB		A,B,C	B-Y32F	0.210000
IGG1-HEWL	1VFB		A,B,C	B-W52A,C-D119A	2.200000
IGG1-HEWL	1VFB		A,B,C	B-W52A	0.400000
IGG1-HEWL	1VFB		A,B,C	B-D54A,C-T118A	1.200000
IGG1-HEWL	1VFB		A,B,C	B-N56A	0.200000
IGG1-HEWL	1VFB		A,B,C	B-D58A	-0.200000
IGG1-HEWL	1VFB		A,B,C	B-E98A	1.100000
IGG1-HEWL	1VFB		A,B,C	B-R99A	0.100000
IGG1-HEWL	1VFB		A,B,C	B-D100A	3.100000
IGG1-HEWL	1VFB		A,B,C	B-D100A,C-S24A	3.400000
IGG1-HEWL	1VFB		A,B,C	B-D100N	3.720000
IGG1-HEWL	1VFB		A,B,C	B-Y101F,C-D119A	2.700000
IGG1-HEWL	1VFB		A,B,C	B-Y101F,C-V120A	2.500000
IGG1-HEWL	1VFB		A,B,C	B-Y101F	1.000000
IGG1-HEWL	1VFB		A,B,C	B-R102K	1.580000
IGG1-HEWL	1VFB		A,B,C	B-R102M	3.230000
IGG1-HEWL	1VFB		A,B,C	C-D18A	0.300000
IGG1-HEWL	1VFB		A,B,C	C-N19A	0.300000
IGG1-HEWL	1VFB		A,B,C	C-Y23A	0.400000
IGG1-HEWL	1VFB		A,B,C	C-S24A	0.800000
IGG1-HEWL	1VFB		A,B,C	C-K116A	0.700000
IGG1-HEWL	1VFB		A,B,C	C-T118A	0.800000
IGG1-HEWL	1VFB		A,B,C	C-D119A	1.000000
IGG1-HEWL	1VFB		A,B,C	C-V120A	0.900000
IGG1-HEWL	1VFB		A,B,C	C-Q121A	2.900000
IGG1-HEWL	1VFB		A,B,C	C-I124A	1.200000
IGG1-HEWL	1VFB		A,B,C	C-R125A	1.800000
IGG1-HEWL	1VFB		A,B,C	C-L129A	0.200000
IL4-IL4Ra	1IAR		A,B	A-I5A	1.190000
IL4-IL4Ra	1IAR		A,B	A-T6A	-0.080000
IL4-IL4Ra	1IAR		A,B	A-Q8A	0.000000
IL4-IL4Ra	1IAR		A,B	A-E9Q	3.120000
IL4-IL4Ra	1IAR		A,B	A-I11A	0.070000
IL4-IL4Ra	1IAR		A,B	A-K12S	-0.040000
IL4-IL4Ra	1IAR		A,B	A-T13A	0.980000
IL4-IL4Ra	1IAR		A,B	A-N15A	-0.040000
IL4-IL4Ra	1IAR		A,B	A-S16A	-0.170000
IL4-IL4Ra	1IAR		A,B	A-E19A	-0.320000
IL4-IL4Ra	1IAR		A,B	A-R53Q	0.840000
IL4-IL4Ra	1IAR		A,B	A-K77A	0.160000
IL4-IL4Ra	1IAR		A,B	A-Q78A	0.130000
IL4-IL4Ra	1IAR		A,B	A-R81A	0.480000
IL4-IL4Ra	1IAR		A,B	A-F82A	-0.080000
IL4-IL4Ra	1IAR		A,B	A-K84A	0.350000
IL4-IL4Ra	1IAR		A,B	A-R85A	0.430000
IL4-IL4Ra	1IAR		A,B	A-R88Q	2.830000
IL4-IL4Ra	1IAR		A,B	A-N89A	1.580000
IL4-IL4Ra	1IAR		A,B	A-W91A	0.730000
IL4-IL4Ra	1IAR		A,B	B-Y13A	5.220000
IL4-IL4Ra	1IAR		A,B	B-Y13F	1.910000
IL4-IL4Ra	1IAR		A,B	B-M14A	0.170000
IL4-IL4Ra	1IAR		A,B	B-S15A	0.040000
IL4-IL4Ra	1IAR		A,B	B-L39A	2.770000
IL4-IL4Ra	1IAR		A,B	B-F41A	2.260000
IL4-IL4Ra	1IAR		A,B	B-L42A	0.000000
IL4-IL4Ra	1IAR		A,B	B-L43A	0.330000
IL4-IL4Ra	1IAR		A,B	B-D66A	0.730000
IL4-IL4Ra	1IAR		A,B	B-D67A	2.360000
IL4-IL4Ra	1IAR		A,B	B-V68A	0.840000
IL4-IL4Ra	1IAR		A,B	B-V69A	2.100000
IL4-IL4Ra	1IAR		A,B	B-S70A	-0.240000
IL4-IL4Ra	1IAR		A,B	B-D72A	4.350000
IL4-IL4Ra	1IAR		A,B	B-N73A	0.280000
IL4-IL4Ra	1IAR		A,B	B-Y74A	2.730000
IL4-IL4Ra	1IAR		A,B	B-K91A	0.530000
IL4-IL4Ra	1IAR		A,B	B-P92A	1.440000
IL4-IL4Ra	1IAR		A,B	B-S93A	-0.180000
IL4-IL4Ra	1IAR		A,B	B-E94A	0.000000
IL4-IL4Ra	1IAR		A,B	B-D125A	0.800000
IL4-IL4Ra	1IAR		A,B	B-N126A	0.680000
IL4-IL4Ra	1IAR		A,B	B-Y127A	2.170000
IL4-IL4Ra	1IAR		A,B	B-Y127F	-0.180000
IL4-IL4Ra	1IAR		A,B	B-L128A	1.110000
IL4-IL4Ra	1IAR		A,B	B-Y129A	0.280000
IL4-IL4Ra	1IAR		A,B	B-Y183A	3.680000
IL4-IL4Ra	1IAR		A,B	B-Y183F	3.160000
Rnase-Ang	1A4Y		B,D	B-R5A,D-Y434A,D-D435A	10.100000
Rnase-Ang	1A4Y		B,D	B-R5A,D-Y434A,D-R457A	8.500000
Rnase-Ang	1A4Y		B,D	B-R5A,D-D435A	6.700000
Rnase-Ang	1A4Y		B,D	B-R5A,D-Y434A	7.000000
Rnase-Ang	1A4Y		B,D	B-R5A	2.300000
Rnase-Ang	1A4Y		B,D	B-H8A	0.900000
Rnase-Ang	1A4Y		B,D	B-Q12A	0.300000
Rnase-Ang	1A4Y		B,D	B-H13A	-0.300000
Rnase-Ang	1A4Y		B,D	B-R31A	0.200000
Rnase-Ang	1A4Y		B,D	B-R32A	0.900000
Rnase-Ang	1A4Y		B,D	B-R33A	0.300000
Rnase-Ang	1A4Y		B,D	B-R66A	0.200000
Rnase-Ang	1A4Y		B,D	B-N68A	0.200000
Rnase-Ang	1A4Y		B,D	B-R70A	-0.200000
Rnase-Ang	1A4Y		B,D	B-H84A	0.200000
Rnase-Ang	1A4Y		B,D	B-W89A	0.200000
Rnase-Ang	1A4Y		B,D	B-E108A	-0.300000
Rnase-Ang	1A4Y		B,D	B-H114A	0.650000
Rnase-Ang	1A4Y		B,D	D-W261A,D-W263A,D-W318A	5.200000
Rnase-Ang	1A4Y		B,D	D-W261A	0.100000
Rnase-Ang	1A4Y		B,D	D-W263A	1.200000
Rnase-Ang	1A4Y		B,D	D-E287A	0.100000
Rnase-Ang	1A4Y		B,D	D-S289A	0.000000
Rnase-Ang	1A4Y		B,D	D-W318A	1.500000
Rnase-Ang	1A4Y		B,D	D-K320A	-0.300000
Rnase-Ang	1A4Y		B,D	D-E344A	0.200000
Rnase-Ang	1A4Y		B,D	D-W375A	1.000000
Rnase-Ang	1A4Y		B,D	D-E401A	0.900000
Rnase-Ang	1A4Y		B,D	D-Q430A,D-V432A	0.100000
Rnase-Ang	1A4Y		B,D	D-Y434A	3.300000
Rnase-Ang	1A4Y		B,D	D-Y434A,D-D435A	6.800000
Rnase-Ang	1A4Y		B,D	D-Y434A,D-Y437A	6.600000
Rnase-Ang	1A4Y		B,D	D-Y434A,D-R457A	7.000000
Rnase-Ang	1A4Y		B,D	D-Y434F	0.600000
Rnase-Ang	1A4Y		B,D	D-D435A	3.500000
Rnase-Ang	1A4Y		B,D	D-Y437A	0.800000
Rnase-Ang	1A4Y		B,D	D-Y437F	0.200000
Rnase-Ang	1A4Y		B,D	D-W438A,D-S439A,D-E440A	1.800000
Rnase-Ang	1A4Y		B,D	D-R457A	-0.200000
Rnase-Ang	1A4Y		B,D	D-I459A	0.700000
TEM1-BLIP	1JTG		A,B	A-E104A,B-K74A	1.600000
TEM1-BLIP	1JTG		A,B	A-E104A,B-K74A,B-F142A	3.100000
TEM1-BLIP	1JTG		A,B	A-E104A,B-K74A,B-F142A,B-Y143A	2.400000
TEM1-BLIP	1JTG		A,B	A-E104A,B-K74A,B-Y143A	1.000000
TEM1-BLIP	1JTG		A,B	A-E104A,B-F142A,B-Y143A	2.900000
TEM1-BLIP	1JTG		A,B	A-E104A,B-F142A	2.700000
TEM1-BLIP	1JTG		A,B	A-E104A,B-Y143A	1.900000
TEM1-BLIP	1JTG		A,B	A-E104A	1.600000
TEM1-BLIP	1JTG		A,B	A-E104A,A-Y105A	1.000000
TEM1-BLIP	1JTG		A,B	A-E104A,A-Y105A,B-K74A	1.400000
TEM1-BLIP	1JTG		A,B	A-E104A,A-Y105A,B-K74A,B-F142A	3.100000
TEM1-BLIP	1JTG		A,B	A-E104A,A-Y105A,B-K74A,B-F142A,B-Y143A	2.400000
TEM1-BLIP	1JTG		A,B	A-E104A,A-Y105A,B-K74A,B-Y143A	1.800000
TEM1-BLIP	1JTG		A,B	A-E104A,A-Y105A,B-F142A,B-Y143A	2.800000
TEM1-BLIP	1JTG		A,B	A-E104A,A-Y105A,B-F142A	1.500000
TEM1-BLIP	1JTG		A,B	A-E104A,A-Y105A,B-Y143A	2.100000
TEM1-BLIP	1JTG		A,B	A-Y105A,B-K74A,B-F142A	4.800000
TEM1-BLIP	1JTG		A,B	A-Y105A,B-K74A,B-F142A,B-Y143A	4.200000
TEM1-BLIP	1JTG		A,B	A-Y105A,B-K74A,B-Y143A	3.400000
TEM1-BLIP	1JTG		A,B	A-Y105A,B-K74A	3.300000
TEM1-BLIP	1JTG		A,B	A-Y105A,B-F142A,B-Y143A	3.000000
TEM1-BLIP	1JTG		A,B	A-Y105A,B-F142A	0.700000
TEM1-BLIP	1JTG		A,B	A-Y105A,B-Y143A	1.100000
TEM1-BLIP	1JTG		A,B	A-Y105A	-0.200000
TEM1-BLIP	1JTG		A,B	A-S130A	0.800000
TEM1-BLIP	1JTG		A,B	A-S130A,A-K234A,A-S235A,A-R243A	2.800000
TEM1-BLIP	1JTG		A,B	A-S130A,A-K234A,A-S235A,A-R243A,B-D49A	1.700000
TEM1-BLIP	1JTG		A,B	A-S130A,A-K234A,A-S235A,A-R243A,B-K74A	5.500000
TEM1-BLIP	1JTG		A,B	A-S130A,A-K234A,A-S235A,A-R243A,B-K74A,B-F142A	5.700000
TEM1-BLIP	1JTG		A,B	A-S130A,A-K234A,A-S235A,A-R243A,B-K74A,B-F142A,B-Y143A	5.500000
TEM1-BLIP	1JTG		A,B	A-S130A,A-K234A,A-S235A,A-R243A,B-K74A,B-Y143A	6.600000
TEM1-BLIP	1JTG		A,B	A-S130A,A-K234A,A-S235A,A-R243A,B-F142A	4.300000
TEM1-BLIP	1JTG		A,B	A-S130A,A-K234A,A-S235A,A-R243A,B-F142A,B-Y143A	4.900000
TEM1-BLIP	1JTG		A,B	A-S130A,A-K234A,A-S235A,A-R243A,B-Y143A	3.700000
TEM1-BLIP	1JTG		A,B	A-S130A,A-K234A,A-S235A,B-D49A	0.600000
TEM1-BLIP	1JTG		A,B	A-S130A,A-K234A,A-S235A	1.900000
TEM1-BLIP	1JTG		A,B	A-S130A,A-K234A,A-R243A	2.500000
TEM1-BLIP	1JTG		A,B	A-S130A,A-K234A,A-R243A,B-D49A	1.500000
TEM1-BLIP	1JTG		A,B	A-S130A,A-K234A,B-D49A	1.300000
TEM1-BLIP	1JTG		A,B	A-S130A,A-K234A	2.000000
TEM1-BLIP	1JTG		A,B	A-S130A,A-S235A	1.200000
TEM1-BLIP	1JTG		A,B	A-S130A,A-S235A,A-R243A,B-D49A	0.900000
TEM1-BLIP	1JTG		A,B	A-S130A,A-S235A,A-R243A,B-K74A	5.000000
TEM1-BLIP	1JTG		A,B	A-S130A,A-S235A,A-R243A,B-K74A,B-F142A	5.800000
TEM1-BLIP	1JTG		A,B	A-S130A,A-S235A,A-R243A,B-K74A,B-F142A,B-Y143A	5.600000
TEM1-BLIP	1JTG		A,B	A-S130A,A-S235A,A-R243A,B-K74A,B-Y143A	4.400000
TEM1-BLIP	1JTG		A,B	A-S130A,A-S235A,A-R243A,B-F142A,B-Y143A	4.800000
TEM1-BLIP	1JTG		A,B	A-S130A,A-S235A,A-R243A,B-F142A	3.500000
TEM1-BLIP	1JTG		A,B	A-S130A,A-S235A,A-R243A,B-Y143A	2.700000
TEM1-BLIP	1JTG		A,B	A-S130A,A-S235A,A-R243A	1.700000
TEM1-BLIP	1JTG		A,B	A-S130A,A-S235A,B-D49A	1.100000
TEM1-BLIP	1JTG		A,B	A-S130A,A-R243A,B-D49A	1.300000
TEM1-BLIP	1JTG		A,B	A-S130A,A-R243A	1.800000
TEM1-BLIP	1JTG		A,B	A-S130A,B-D49A	1.400000
TEM1-BLIP	1JTG		A,B	A-S130A,B-K74A,B-F142A,B-Y143A	5.100000
TEM1-BLIP	1JTG		A,B	A-S130A,B-K74A,B-F142A	5.200000
TEM1-BLIP	1JTG		A,B	A-S130A,B-K74A,B-Y143A	3.700000
TEM1-BLIP	1JTG		A,B	A-S130A,B-K74A	3.200000
TEM1-BLIP	1JTG		A,B	A-S130A,B-F142A	2.800000
TEM1-BLIP	1JTG		A,B	A-S130A,B-F142A,B-Y143A	4.200000
TEM1-BLIP	1JTG		A,B	A-S130A,B-Y143A	1.800000
TEM1-BLIP	1JTG		A,B	A-K234A,A-S235A,A-R243A	2.800000
TEM1-BLIP	1JTG		A,B	A-K234A,A-S235A,A-R243A,B-D49A	2.000000
TEM1-BLIP	1JTG		A,B	A-K234A,A-S235A,B-D49A	1.500000
TEM1-BLIP	1JTG		A,B	A-K234A,A-S235A	2.100000
TEM1-BLIP	1JTG		A,B	A-K234A,A-R243A	2.700000
TEM1-BLIP	1JTG		A,B	A-K234A,A-R243A,B-D49A	1.900000
TEM1-BLIP	1JTG		A,B	A-K234A,B-D49A	1.600000
TEM1-BLIP	1JTG		A,B	A-K234A,B-K74A,B-F142A	5.800000
TEM1-BLIP	1JTG		A,B	A-K234A,B-K74A,B-F142A,B-Y143A	5.500000
TEM1-BLIP	1JTG		A,B	A-K234A,B-K74A,B-Y143A	4.900000
TEM1-BLIP	1JTG		A,B	A-K234A,B-K74A	6.500000
TEM1-BLIP	1JTG		A,B	A-K234A,B-F142A,B-Y143A	4.700000
TEM1-BLIP	1JTG		A,B	A-K234A,B-F142A	3.400000
TEM1-BLIP	1JTG		A,B	A-K234A,B-Y143A	2.600000
TEM1-BLIP	1JTG		A,B	A-K234A	1.400000
TEM1-BLIP	1JTG		A,B	A-S235A	1.300000
TEM1-BLIP	1JTG		A,B	A-S235A,A-R243A,B-D49A	0.400000
TEM1-BLIP	1JTG		A,B	A-S235A,A-R243A	0.700000
TEM1-BLIP	1JTG		A,B	A-S235A,B-D49A	1.600000
TEM1-BLIP	1JTG		A,B	A-R243A,B-D49A	1.100000
TEM1-BLIP	1JTG		A,B	A-R243A,B-K74A	6.600000
TEM1-BLIP	1JTG		A,B	A-R243A,B-K74A,B-F142A	5.500000
TEM1-BLIP	1JTG		A,B	A-R243A,B-K74A,B-F142A,B-Y143A	5.300000
TEM1-BLIP	1JTG		A,B	A-R243A,B-K74A,B-Y143A	4.400000
TEM1-BLIP	1JTG		A,B	A-R243A,B-F142A,B-Y143A	4.500000
TEM1-BLIP	1JTG		A,B	A-R243A,B-F142A	3.400000
TEM1-BLIP	1JTG		A,B	A-R243A,B-Y143A	2.300000
TEM1-BLIP	1JTG		A,B	A-R243A	1.400000
TEM1-BLIP	1JTG		A,B	B-T32K	0.200000
TEM1-BLIP	1JTG		A,B	B-D49A	1.800000
TEM1-BLIP	1JTG		A,B	B-K74A,B-F142A,B-Y143A	3.900000
TEM1-BLIP	1JTG		A,B	B-K74A,B-F142A	4.800000
TEM1-BLIP	1JTG		A,B	B-K74A,B-Y143A	3.000000
TEM1-BLIP	1JTG		A,B	B-K74A	3.600000
TEM1-BLIP	1JTG		A,B	B-N89K	-0.460000
TEM1-BLIP	1JTG		A,B	B-N89K,B-D135K,B-D163K,B-V165K	-3.380000
TEM1-BLIP	1JTG		A,B	B-N89K,B-D163A,B-V165K	-2.410000
TEM1-BLIP	1JTG		A,B	B-V93K	-0.480000
TEM1-BLIP	1JTG		A,B	B-T140K	-0.010000
TEM1-BLIP	1JTG		A,B	B-T140K,B-Q157K	-0.400000
TEM1-BLIP	1JTG	1S0W	A,B	B-F142A	2.100000
TEM1-BLIP	1JTG		A,B	B-F142A,B-Y143A	2.800000
TEM1-BLIP	1JTG		A,B	B-Y143A	0.400000
TEM1-BLIP	1JTG		A,B	B-D163A	-1.350000
TEM1-BLIP	1JTG		A,B	B-D163K	-1.990000
